{
"type": "FeatureCollection",
"name": "final_data",
"crs": { "type": "name", "properties": { "name": "urn:ogc:def:crs:OGC:1.3:CRS84" } },
"features": [
{ "type": "Feature", "properties": { "State": "Minnesota", "Species_Count": 21, "Pop_2024": 5761530.0, "GDP_2024_Millions": 500851.0, "Risk_Overall": 66.071428571428569, "Risk_Wildfire": "Relatively Low", "Risk_Drought": "Relatively Moderate", "Risk_Flooding": "Relatively Moderate", "Area_sqkm": 226256.24381760592, "Forest_Pct": 37.637033217946083, "Urban_Pct": 1.2346873459763947, "Crop_Pct": 36.767849857848681, "Wetland_Pct": 0.60929840621081122, "Protected_Pct": 100.0, "Species_Density": 9.2815118140690642e-05, "Population_Density": 25.464623220053969, "GDP_Per_Capita": 86930.207774670969, "Human_Pressure": 0.039963623324689064, "Conservation_Effectiveness": 91506.786774820095, "Ecological_Vulnerability": 0.15507867666980524, "Biodiversity_Risk": 2.6189819661461526 }, "geometry": { "type": "Polygon", "coordinates": [ [ [ -89.95952262602718, 47.28736492388505 ], [ -90.131014792174582, 47.29201441174537 ], [ -90.302506958321999, 47.296663899605733 ], [ -90.481455305606261, 47.305962875326458 ], [ -90.652947471753677, 47.310612363186756 ], [ -90.854264362448461, 47.212973118119351 ], [ -91.063037434280105, 47.115333873051888 ], [ -91.264354324974889, 47.022344115844824 ], [ -91.465671215669687, 46.924704870777347 ], [ -91.592426294996031, 46.878209992173851 ], [ -91.719181374322375, 46.827065625709956 ], [ -91.838480272511887, 46.780570747106367 ], [ -91.965235351838231, 46.729426380642444 ], [ -92.009972438659304, 46.710828429201044 ], [ -92.278394959585682, 46.655034574876808 ], [ -92.263482597312006, 46.097096031634223 ], [ -92.293307321859388, 46.097096031634223 ], [ -92.546817480512075, 45.985508322985716 ], [ -92.755590552343705, 45.887869077918253 ], [ -92.897257993943754, 45.706539051364452 ], [ -92.68848492211211, 45.520559536950216 ], [ -92.76304673348055, 45.264837704630672 ], [ -92.76304673348055, 44.995167408730147 ], [ -92.800327639164777, 44.776641479293438 ], [ -92.502080393691017, 44.586012477018905 ], [ -92.382781495501504, 44.57671350129818 ], [ -92.062165706617222, 44.432579377627157 ], [ -91.950322989564555, 44.362837059721855 ], [ -91.883217359332946, 44.25589883893371 ], [ -91.629707200680258, 44.083867788100591 ], [ -91.286722868385425, 43.935084176569184 ], [ -91.256898143838043, 43.85604288294325 ], [ -91.256898143838043, 43.614269514204757 ], [ -91.227073419290676, 43.502681805556222 ], [ -92.53936129937523, 43.5212797569977 ], [ -94.000772802196678, 43.511980781276911 ], [ -95.357797769102305, 43.498032317695909 ], [ -96.453856396218384, 43.502681805556236 ], [ -96.438944033944694, 44.43722886548754 ], [ -96.558242932134206, 45.395023364720622 ], [ -96.737191279418454, 45.469415170486371 ], [ -96.83412163419743, 45.627497757738389 ], [ -96.781928366239526, 45.76233290568868 ], [ -96.558242932134206, 45.873920614337216 ], [ -96.53587438872367, 46.018054738008182 ], [ -96.53587438872367, 46.199384764562033 ], [ -96.602980018955265, 46.352817863953732 ], [ -96.68499801146055, 46.515549939066126 ], [ -96.737191279418454, 46.715477917061378 ], [ -96.744647460555299, 46.943302822218712 ], [ -96.781928366239526, 46.999096676543026 ], [ -96.819209271923739, 47.29201441174537 ], [ -96.826665453060585, 47.426849559695675 ], [ -96.841577815334276, 47.5477362440649 ], [ -96.893771083292179, 47.74766422206018 ], [ -97.013069981481692, 47.952241687915723 ], [ -97.132368879671191, 48.138221202330001 ], [ -97.147281241944881, 48.319551228883746 ], [ -97.162193604218587, 48.514829719018692 ], [ -97.124912698534359, 48.640365891248244 ], [ -97.117456517397514, 48.756603087757149 ], [ -97.214386872176476, 48.900737211428151 ], [ -97.229299234450167, 49.003025944355997 ], [ -95.156480878407507, 48.998376456495578 ], [ -95.156480878407507, 49.384283948905029 ], [ -94.820952727249534, 49.388933436765434 ], [ -94.642004379965272, 48.840293869243517 ], [ -94.32884477221782, 48.672912306270774 ], [ -93.627963745354478, 48.60781947622575 ], [ -92.606466929606825, 48.449736888973717 ], [ -91.637163381817103, 48.138221202330001 ], [ -90.831895819037939, 48.26840686241988 ], [ -89.601625931458656, 48.008035542240044 ], [ -89.601625931458656, 48.008035542240044 ], [ -89.489783214405989, 48.012685030100407 ], [ -89.519607938953371, 47.961540663636519 ], [ -89.616538293732347, 47.817406539965461 ], [ -89.728381010785014, 47.640726001272014 ], [ -89.840223727837667, 47.464045462578497 ], [ -89.95952262602718, 47.28736492388505 ] ] ] } },
{ "type": "Feature", "properties": { "State": "Montana", "Species_Count": 18, "Pop_2024": 1142746.0, "GDP_2024_Millions": 75999.0, "Risk_Overall": 25.0, "Risk_Wildfire": "Relatively Moderate", "Risk_Drought": "Very Low", "Risk_Flooding": "Relatively Low", "Area_sqkm": 376964.85940079228, "Forest_Pct": 22.817256874824984, "Urban_Pct": 0.1997978663977969, "Crop_Pct": 13.149506437251418, "Wetland_Pct": 0.00086499165362479997, "Protected_Pct": 100.0, "Species_Density": 4.7749808904235938e-05, "Population_Density": 3.0314390625600001, "GDP_Per_Capita": 66505.592668887053, "Human_Pressure": 0.0047466407599231469, "Conservation_Effectiveness": 95442.632535130324, "Ecological_Vulnerability": 0.032147622974718446, "Biodiversity_Risk": 0.0 }, "geometry": { "type": "Polygon", "coordinates": [ [ [ -116.048700423844664, 48.998376456495578 ], [ -113.058771787970201, 49.003025944355997 ], [ -110.06884315209571, 49.003025944355997 ], [ -107.078914516221232, 49.003025944355997 ], [ -104.096442061483586, 49.007675432216288 ], [ -104.07407351807305, 47.171127727376145 ], [ -104.029336431251991, 45.957611395823548 ], [ -104.081529699209895, 45.041662287333637 ], [ -105.744258092726128, 45.050961263054312 ], [ -107.548653927842409, 45.046311775194006 ], [ -109.099539604305974, 45.055610750914767 ], [ -111.067971424432827, 45.050961263054312 ], [ -111.067971424432827, 44.539517598415394 ], [ -111.082883786706503, 44.506971183392871 ], [ -111.194726503759185, 44.562765037717128 ], [ -111.291656858538147, 44.702249673527739 ], [ -111.4034995755908, 44.730146600689942 ], [ -111.545167017190849, 44.530218622694683 ], [ -111.768852451296183, 44.497672207672132 ], [ -112.335522217696322, 44.562765037717107 ], [ -112.36534694224369, 44.460476304789331 ], [ -112.693418912264846, 44.497672207672132 ], [ -112.872367259549094, 44.358187571861464 ], [ -113.051315606833356, 44.618558892041399 ], [ -113.1780706861597, 44.76734250357277 ], [ -113.379387576854484, 44.790589942874476 ], [ -113.439037025949247, 44.864981748640176 ], [ -113.506142656180842, 45.125353068820061 ], [ -113.677634822328244, 45.250889241049606 ], [ -113.796933720517757, 45.567054415553784 ], [ -113.916232618707269, 45.701889563504075 ], [ -114.035531516896768, 45.729786490666214 ], [ -114.139918052812575, 45.590301854855497 ], [ -114.333778762370528, 45.469415170486371 ], [ -114.51272710965479, 45.567054415553763 ], [ -114.520183290791635, 45.827425735733613 ], [ -114.408340573738982, 45.887869077918289 ], [ -114.490358566244268, 46.148240398098153 ], [ -114.393428211465306, 46.408611718277996 ], [ -114.281585494412624, 46.631787135574996 ], [ -114.58728892102323, 46.641086111295678 ], [ -114.840799079675932, 46.785220234966651 ], [ -115.124133962876002, 47.096735921610453 ], [ -115.288169947886587, 47.250169021002193 ], [ -115.519311563128753, 47.343158778209357 ], [ -115.70571609154986, 47.505890853321752 ], [ -115.70571609154986, 47.682571392015163 ], [ -115.966682431339393, 47.952241687915723 ], [ -116.048700423844664, 48.998376456495578 ] ] ] } },
{ "type": "Feature", "properties": { "State": "North Dakota", "Species_Count": 7, "Pop_2024": 788940.0, "GDP_2024_Millions": 75399.0, "Risk_Overall": 21.428571428571427, "Risk_Wildfire": "Relatively Low", "Risk_Drought": "Very Low", "Risk_Flooding": "Relatively Low", "Area_sqkm": 183040.40001546414, "Forest_Pct": 2.5060145707951333, "Urban_Pct": 0.43975144571500702, "Crop_Pct": 51.510198532115545, "Wetland_Pct": 0.13991538468105821, "Protected_Pct": 100.0, "Species_Density": 3.8242923416953888e-05, "Population_Density": 4.3101960000816568, "GDP_Per_Capita": 95570.005323598758, "Human_Pressure": 0.0087489356286466428, "Conservation_Effectiveness": 96316.572686949512, "Ecological_Vulnerability": 0.079515496339045338, "Biodiversity_Risk": 0.0 }, "geometry": { "type": "Polygon", "coordinates": [ [ [ -97.229299234450167, 49.003025944355997 ], [ -97.214386872176476, 48.900737211428151 ], [ -97.117456517397514, 48.756603087757149 ], [ -97.124912698534359, 48.640365891248244 ], [ -97.162193604218587, 48.514829719018692 ], [ -97.147281241944881, 48.319551228883746 ], [ -97.132368879671191, 48.138221202330001 ], [ -97.013069981481692, 47.952241687915723 ], [ -96.893771083292179, 47.74766422206018 ], [ -96.841577815334276, 47.5477362440649 ], [ -96.826665453060585, 47.426849559695675 ], [ -96.819209271923739, 47.29201441174537 ], [ -96.781928366239526, 46.999096676543026 ], [ -96.744647460555299, 46.943302822218712 ], [ -96.737191279418454, 46.715477917061378 ], [ -96.68499801146055, 46.515549939066126 ], [ -96.602980018955265, 46.352817863953732 ], [ -96.53587438872367, 46.199384764562033 ], [ -96.53587438872367, 46.018054738008182 ], [ -98.444656759755759, 45.962260883683896 ], [ -100.070104247587793, 45.966910371544252 ], [ -102.120554060219902, 45.962260883683896 ], [ -104.029336431251991, 45.957611395823548 ], [ -104.07407351807305, 47.171127727376145 ], [ -104.096442061483586, 49.007675432216288 ], [ -100.629317832851086, 49.003025944355997 ], [ -97.229299234450167, 49.003025944355997 ] ] ] } },
{ "type": "Feature", "properties": { "State": "Hawaii", "Species_Count": 490, "Pop_2024": 1430877.0, "GDP_2024_Millions": 115627.0, "Risk_Overall": 35.714285714285715, "Risk_Wildfire": "Relatively Moderate", "Risk_Drought": "Very Low", "Risk_Flooding": "Relatively Moderate", "Area_sqkm": 16882.05353812284, "Forest_Pct": 24.086486031981771, "Urban_Pct": 1.347983262664018, "Crop_Pct": 0.0172855301901776, "Wetland_Pct": 0.0590949063376697, "Protected_Pct": 77.247489479988914, "Species_Density": 0.029024904991178248, "Population_Density": 84.757283630739096, "GDP_Per_Capita": 80808.483188981307, "Human_Pressure": 0.104141398179508, "Conservation_Effectiveness": 2572.7804801608977, "Ecological_Vulnerability": 0.074641634549189623, "Biodiversity_Risk": 33.779078211079941 }, "geometry": { "type": "MultiPolygon", "coordinates": [ [ [ [ -155.939269505960596, 19.060324123671119 ], [ -155.909444781413242, 19.339293395292419 ], [ -156.073480766423813, 19.701953448400111 ], [ -156.021287498465909, 19.813541157048611 ], [ -155.849795332318479, 19.976273232161041 ], [ -155.916900962550073, 20.176201210156247 ], [ -155.86470769459217, 20.269190967363375 ], [ -155.782689702086884, 20.250593015921964 ], [ -155.402424464107838, 20.078561965088873 ], [ -155.223476116823576, 19.994871183602431 ], [ -155.059440131813005, 19.860036035652172 ], [ -154.805929973160318, 19.506674958265201 ], [ -154.82829851657084, 19.455530591801299 ], [ -155.223476116823576, 19.241654150224953 ], [ -155.544091905707887, 19.083571562972875 ], [ -155.685759347307908, 18.916190000000142 ], [ -155.939269505960596, 19.060324123671119 ] ] ], [ [ [ -155.998918955055331, 20.762036680560993 ], [ -156.080936947560616, 20.645799484052127 ], [ -156.416465098718646, 20.571407678286459 ], [ -156.58795726486602, 20.785284119862734 ], [ -156.699799981918716, 20.864325413488785 ], [ -156.707256163055547, 20.924768755673398 ], [ -156.610325808276571, 21.013109025020132 ], [ -156.259885294844906, 20.915469779952673 ], [ -155.998918955055331, 20.762036680560993 ] ] ], [ [ [ -156.759449431013451, 21.175841100132562 ], [ -156.789274155560832, 21.068902879344403 ], [ -157.326119197413618, 21.096799806506553 ], [ -157.251557386045164, 21.217686490875796 ], [ -156.759449431013451, 21.175841100132562 ] ] ], [ [ [ -158.123930579055951, 21.31067624808286 ], [ -158.250685658382253, 21.538501153240247 ], [ -158.295422745203354, 21.580346543983445 ], [ -158.027000224276946, 21.715181691933694 ], [ -157.944982231771661, 21.654738349749124 ], [ -157.65419116743476, 21.319975223803539 ], [ -157.706384435392664, 21.264181369479331 ], [ -157.78094624676109, 21.278129833060337 ], [ -158.123930579055951, 21.31067624808286 ] ] ], [ [ [ -159.801571334845846, 22.063893281460334 ], [ -159.749378066887942, 22.138285087226006 ], [ -159.592798263014231, 22.235924332293461 ], [ -159.369112828908897, 22.212676892991727 ], [ -159.346744285498374, 21.980202499973974 ], [ -159.466043183687873, 21.882563254906508 ], [ -159.801571334845846, 22.063893281460334 ] ] ] ] } },
{ "type": "Feature", "properties": { "State": "Idaho", "Species_Count": 18, "Pop_2024": 1990456.0, "GDP_2024_Millions": 128132.0, "Risk_Overall": 23.214285714285715, "Risk_Wildfire": "Relatively High", "Risk_Drought": "Very Low", "Risk_Flooding": "Relatively Low", "Area_sqkm": 215582.71145988305, "Forest_Pct": 36.685326788043895, "Urban_Pct": 0.444701477887818, "Crop_Pct": 8.0564892035298463, "Wetland_Pct": 0.0149266583893586, "Protected_Pct": 100.0, "Species_Density": 8.3494635901495046e-05, "Population_Density": 9.2329110554414573, "GDP_Per_Capita": 64373.188857226683, "Human_Pressure": 0.014028109270307296, "Conservation_Effectiveness": 92293.950229663533, "Ecological_Vulnerability": -0.015864733073325366, "Biodiversity_Risk": 0.0 }, "geometry": { "type": "Polygon", "coordinates": [ [ [ -116.048700423844664, 48.998376456495578 ], [ -115.966682431339393, 47.952241687915723 ], [ -115.70571609154986, 47.682571392015163 ], [ -115.70571609154986, 47.505890853321752 ], [ -115.519311563128753, 47.343158778209357 ], [ -115.288169947886587, 47.250169021002193 ], [ -115.124133962876002, 47.096735921610453 ], [ -114.840799079675932, 46.785220234966651 ], [ -114.58728892102323, 46.641086111295678 ], [ -114.281585494412624, 46.631787135574996 ], [ -114.393428211465306, 46.408611718277996 ], [ -114.490358566244268, 46.148240398098153 ], [ -114.408340573738982, 45.887869077918289 ], [ -114.520183290791635, 45.827425735733613 ], [ -114.51272710965479, 45.567054415553763 ], [ -114.333778762370528, 45.469415170486371 ], [ -114.139918052812575, 45.590301854855497 ], [ -114.035531516896768, 45.729786490666214 ], [ -113.916232618707269, 45.701889563504075 ], [ -113.796933720517757, 45.567054415553784 ], [ -113.677634822328244, 45.250889241049606 ], [ -113.506142656180842, 45.125353068820061 ], [ -113.439037025949247, 44.864981748640176 ], [ -113.379387576854484, 44.790589942874476 ], [ -113.1780706861597, 44.76734250357277 ], [ -113.051315606833356, 44.618558892041399 ], [ -112.872367259549094, 44.358187571861464 ], [ -112.693418912264846, 44.497672207672132 ], [ -112.36534694224369, 44.460476304789331 ], [ -112.335522217696322, 44.562765037717107 ], [ -111.768852451296183, 44.497672207672132 ], [ -111.545167017190849, 44.530218622694683 ], [ -111.4034995755908, 44.730146600689942 ], [ -111.291656858538147, 44.702249673527739 ], [ -111.194726503759185, 44.562765037717128 ], [ -111.082883786706503, 44.506971183392871 ], [ -111.053059062159136, 44.488373231951478 ], [ -111.053059062159136, 42.000897226661621 ], [ -114.035531516896768, 41.991598250940953 ], [ -117.025460152771259, 42.000897226661621 ], [ -117.010547790497583, 43.795599540758545 ], [ -116.928529797992283, 44.079218300240278 ], [ -117.010547790497583, 44.20940396033015 ], [ -117.196952318918662, 44.279146278235487 ], [ -117.18949613778183, 44.43722886548754 ], [ -117.047828696181782, 44.665053770644924 ], [ -116.839055624350152, 44.864981748640176 ], [ -116.689932001613286, 45.185796411004709 ], [ -116.555720741150083, 45.446167731184524 ], [ -116.45879038637112, 45.576353391274452 ], [ -116.510983654329024, 45.725137002805823 ], [ -116.682475820476427, 45.808827784292184 ], [ -116.913617435718592, 45.999456786566739 ], [ -116.906161254581733, 46.176137325260193 ], [ -116.995635428223864, 46.329570424651948 ], [ -117.025460152771259, 47.724416782758418 ], [ -117.032916333908119, 48.998376456495578 ], [ -116.048700423844664, 48.998376456495578 ] ] ] } },
{ "type": "Feature", "properties": { "State": "Washington", "Species_Count": 32, "Pop_2024": 7841283.0, "GDP_2024_Millions": 854683.0, "Risk_Overall": 92.857142857142861, "Risk_Wildfire": "Relatively High", "Risk_Drought": "Very Low", "Risk_Flooding": "Relatively Moderate", "Area_sqkm": 173422.84646776505, "Forest_Pct": 49.759542850398915, "Urban_Pct": 1.1538955179418808, "Crop_Pct": 12.6187430258021, "Wetland_Pct": 0.021716836859892001, "Protected_Pct": 99.629563674725901, "Species_Density": 0.00018452009439222299, "Population_Density": 45.21482122862917, "GDP_Per_Capita": 108997.8514995569, "Human_Pressure": 0.060034424179937262, "Conservation_Effectiveness": 84109.644189570128, "Ecological_Vulnerability": 0.22561162943120033, "Biodiversity_Risk": 9.9796652751555879 }, "geometry": { "type": "Polygon", "coordinates": [ [ [ -117.032916333908119, 48.998376456495578 ], [ -117.025460152771259, 47.724416782758418 ], [ -116.995635428223864, 46.329570424651948 ], [ -116.906161254581733, 46.176137325260193 ], [ -116.913617435718592, 45.999456786566739 ], [ -118.978979610624407, 45.994807298706448 ], [ -119.336876305192945, 45.887869077918253 ], [ -119.590386463845618, 45.9343639565218 ], [ -119.784247173403571, 45.850673175035482 ], [ -120.157056230245772, 45.739085466386861 ], [ -120.611883279593272, 45.753033929967955 ], [ -120.835568713698606, 45.673992636341929 ], [ -121.044341785530236, 45.636796733459072 ], [ -121.200921589403947, 45.687941099922995 ], [ -121.558818283972471, 45.734435978526513 ], [ -121.789959899214637, 45.701889563504075 ], [ -122.177681318330528, 45.594951342715824 ], [ -122.423735295846399, 45.590301854855532 ], [ -122.654876911088564, 45.632147245598745 ], [ -122.729438722456976, 45.77163188140937 ], [ -122.751807265867527, 45.939013444382162 ], [ -122.938211794288634, 46.129642446656725 ], [ -123.229002858625563, 46.185436300980932 ], [ -123.475056836141405, 46.27842605818801 ], [ -123.773304081615166, 46.283075546048416 ], [ -123.996989515720472, 46.283075546048416 ], [ -124.079007508225772, 46.86426152859277 ], [ -124.392167115973223, 47.719767294898041 ], [ -124.690414361446969, 48.184716080933491 ], [ -124.563659282120653, 48.379994571068416 ], [ -123.117160141572896, 48.040581957262546 ], [ -122.587771280856941, 47.096735921610453 ], [ -122.341717303341099, 47.361756729650679 ], [ -122.49829710721481, 48.180066593073171 ], [ -122.841281439509643, 48.998376456495578 ], [ -120.000476426372046, 49.003025944355997 ], [ -117.032916333908119, 48.998376456495578 ] ] ] } },
{ "type": "Feature", "properties": { "State": "Arizona", "Species_Count": 75, "Pop_2024": 7497004.0, "GDP_2024_Millions": 552167.0, "Risk_Overall": 83.928571428571431, "Risk_Wildfire": "Relatively High", "Risk_Drought": "Relatively Low", "Risk_Flooding": "Relatively High", "Area_sqkm": 294545.24498369411, "Forest_Pct": 14.839221584133057, "Urban_Pct": 1.3140166025766391, "Crop_Pct": 1.1554732326187529, "Wetland_Pct": 0.00061788579875379996, "Protected_Pct": 100.0, "Species_Density": 0.00025462981079240292, "Population_Density": 25.452809467065173, "GDP_Per_Capita": 73651.688060990768, "Human_Pressure": 0.040825567220786119, "Conservation_Effectiveness": 79704.785538964425, "Ecological_Vulnerability": 0.29513867076961653, "Biodiversity_Risk": 7.2934767966136178 }, "geometry": { "type": "Polygon", "coordinates": [ [ [ -109.04734633634807, 36.998048288919904 ], [ -109.04734633634807, 31.339621562868093 ], [ -111.023234337611768, 31.334972075007773 ], [ -113.304825765486044, 32.037044741921342 ], [ -114.818430536265396, 32.525240967258583 ], [ -114.721500181486434, 32.720519457393493 ], [ -114.58728892102323, 32.715869969533145 ], [ -114.482902385107423, 32.915797947528354 ], [ -114.654394551254825, 33.055282583339029 ], [ -114.691675456939038, 33.204066194870364 ], [ -114.743868724896956, 33.380746733563875 ], [ -114.550008015339017, 33.60857163872123 ], [ -114.467990022833732, 34.068870936896374 ], [ -114.16228659622314, 34.273448402751988 ], [ -114.356147305781064, 34.464077405026515 ], [ -114.482902385107423, 34.654706407301099 ], [ -114.564920377612722, 34.826737458134161 ], [ -114.624569826707457, 34.961572606084516 ], [ -114.639482188981162, 35.054562363291616 ], [ -114.579832739886385, 35.249840853426491 ], [ -114.632026007844303, 35.445119343561387 ], [ -114.654394551254825, 35.640397833696333 ], [ -114.646938370117994, 35.854274275272651 ], [ -114.736412543760125, 35.989109423222864 ], [ -114.66930691352853, 36.114645595452465 ], [ -114.460533841696872, 36.114645595452465 ], [ -114.266673132138934, 36.044903277547128 ], [ -114.132461871675744, 36.003057886803951 ], [ -114.06535624144415, 36.156490986195692 ], [ -114.020619154623091, 36.189037401218208 ], [ -114.028075335759922, 36.99339880105957 ], [ -112.417540210201608, 37.007347264640622 ], [ -110.493845476895828, 37.007347264640622 ], [ -109.04734633634807, 36.998048288919904 ] ] ] } },
{ "type": "Feature", "properties": { "State": "California", "Species_Count": 292, "Pop_2024": 38889770.0, "GDP_2024_Millions": 4103124.0, "Risk_Overall": 100.0, "Risk_Wildfire": "Very High", "Risk_Drought": "Very High", "Risk_Flooding": "Very High", "Area_sqkm": 413319.65569254122, "Forest_Pct": 33.832715814157488, "Urban_Pct": 3.2080104188682115, "Crop_Pct": 5.2327999184998326, "Wetland_Pct": 0.1434948029263205, "Protected_Pct": 100.0, "Species_Density": 0.00070647499091408311, "Population_Density": 94.091266806167056, "GDP_Per_Capita": 105506.51238101948, "Human_Pressure": 0.1345517180049659, "Conservation_Effectiveness": 58600.331403880948, "Ecological_Vulnerability": 0.3081258838141322, "Biodiversity_Risk": 14.181296150835074 }, "geometry": { "type": "Polygon", "coordinates": [ [ [ -114.639482188981162, 35.054562363291616 ], [ -114.624569826707457, 34.961572606084516 ], [ -114.564920377612722, 34.826737458134161 ], [ -114.482902385107423, 34.654706407301099 ], [ -114.356147305781064, 34.464077405026515 ], [ -114.16228659622314, 34.273448402751988 ], [ -114.467990022833732, 34.068870936896374 ], [ -114.550008015339017, 33.60857163872123 ], [ -114.743868724896956, 33.380746733563875 ], [ -114.691675456939038, 33.204066194870364 ], [ -114.654394551254825, 33.055282583339029 ], [ -114.482902385107423, 32.915797947528354 ], [ -114.58728892102323, 32.715869969533145 ], [ -114.721500181486434, 32.720519457393493 ], [ -115.989050974749929, 32.61358123660532 ], [ -117.129846688687081, 32.534539942979308 ], [ -117.293882673697652, 33.045983607618325 ], [ -117.942570432603077, 33.622520102302339 ], [ -118.412309844224254, 33.73875729881118 ], [ -118.516696380140075, 34.027025546153219 ], [ -119.083366146540243, 34.078169912617113 ], [ -119.441262841108738, 34.347840208517695 ], [ -120.365829302077415, 34.445479453585143 ], [ -120.619339460730117, 34.608211528697531 ], [ -120.746094540056475, 35.156851096219413 ], [ -121.715398087846197, 36.161140474056069 ], [ -122.550490375172728, 37.551337344302084 ], [ -122.51320946948853, 37.783811737319901 ], [ -122.953124156562325, 38.113925375405039 ], [ -123.728566994794122, 38.950833190268959 ], [ -123.862778255257297, 39.769143053691344 ], [ -124.399623297110068, 40.313133133352842 ], [ -124.175937863004762, 41.140741972495974 ], [ -124.213218768688961, 42.000897226661621 ], [ -120.000476426372046, 41.991598250940953 ], [ -120.000476426372046, 38.997328068872463 ], [ -118.114062598750493, 37.644327101509212 ], [ -116.317122944771086, 36.323872549168435 ], [ -114.639482188981162, 35.054562363291616 ] ] ] } },
{ "type": "Feature", "properties": { "State": "Colorado", "Species_Count": 37, "Pop_2024": 5914181.0, "GDP_2024_Millions": 553323.0, "Risk_Overall": 55.357142857142861, "Risk_Wildfire": "Relatively High", "Risk_Drought": "Relatively Moderate", "Risk_Flooding": "Relatively Moderate", "Area_sqkm": 269954.27753572527, "Forest_Pct": 28.539765682383717, "Urban_Pct": 0.99740520793069243, "Crop_Pct": 11.356778520140161, "Wetland_Pct": 0.00092382281913949997, "Protected_Pct": 100.0, "Species_Density": 0.00013706024715649665, "Population_Density": 21.908084042925854, "GDP_Per_Capita": 93558.685471411853, "Human_Pressure": 0.03357330664433951, "Conservation_Effectiveness": 87946.087509500911, "Ecological_Vulnerability": 0.13880149000521236, "Biodiversity_Risk": 0.0 }, "geometry": { "type": "Polygon", "coordinates": [ [ [ -102.053448429988308, 40.001617446709069 ], [ -102.038536067714617, 38.457987477071327 ], [ -102.038536067714617, 36.99339880105957 ], [ -103.000383434367507, 36.993398801059598 ], [ -104.200828597399408, 36.998048288919904 ], [ -105.900837896599853, 36.998048288919904 ], [ -107.481548297610814, 36.998048288919904 ], [ -109.04734633634807, 36.998048288919904 ], [ -109.054802517484916, 41.00125733668532 ], [ -108.048218064010953, 41.00125733668532 ], [ -107.04908979167385, 41.001257336685335 ], [ -105.043377065862785, 41.005906824545711 ], [ -104.044248793525682, 41.005906824545711 ], [ -102.045992248851462, 41.005906824545711 ], [ -102.053448429988308, 40.034163861731535 ], [ -102.053448429988308, 40.001617446709069 ] ] ] } },
{ "type": "Feature", "properties": { "State": "Nevada", "Species_Count": 50, "Pop_2024": 3210931.0, "GDP_2024_Millions": 260728.0, "Risk_Overall": 41.071428571428569, "Risk_Wildfire": "Relatively High", "Risk_Drought": "Relatively Low", "Risk_Flooding": "Relatively Low", "Area_sqkm": 288006.79290513502, "Forest_Pct": 9.1309107129910672, "Urban_Pct": 0.50999758247967086, "Crop_Pct": 0.65378608277413597, "Wetland_Pct": 0.0176946140010916, "Protected_Pct": 100.0, "Species_Density": 0.0001736070163333586, "Population_Density": 11.148803011245748, "GDP_Per_Capita": 81200.125446482649, "Human_Pressure": 0.016781284273682424, "Conservation_Effectiveness": 85207.397883854661, "Ecological_Vulnerability": 0.1384229748941801, "Biodiversity_Risk": 0.0 }, "geometry": { "type": "Polygon", "coordinates": [ [ [ -117.025460152771259, 42.000897226661621 ], [ -114.035531516896768, 41.991598250940953 ], [ -114.028075335759922, 36.99339880105957 ], [ -114.020619154623091, 36.189037401218208 ], [ -114.06535624144415, 36.156490986195692 ], [ -114.132461871675744, 36.003057886803951 ], [ -114.266673132138934, 36.044903277547128 ], [ -114.460533841696872, 36.114645595452465 ], [ -114.66930691352853, 36.114645595452465 ], [ -114.736412543760125, 35.989109423222864 ], [ -114.646938370117994, 35.854274275272651 ], [ -114.654394551254825, 35.640397833696333 ], [ -114.632026007844303, 35.445119343561387 ], [ -114.579832739886385, 35.249840853426491 ], [ -114.639482188981162, 35.054562363291616 ], [ -116.317122944771086, 36.323872549168435 ], [ -118.114062598750493, 37.644327101509212 ], [ -120.000476426372046, 38.997328068872463 ], [ -120.000476426372046, 41.991598250940953 ], [ -117.025460152771259, 41.996247738801294 ], [ -117.025460152771259, 42.000897226661621 ] ] ] } },
{ "type": "Feature", "properties": { "State": "New Mexico", "Species_Count": 61, "Pop_2024": 2115266.0, "GDP_2024_Millions": 140542.0, "Risk_Overall": 30.357142857142858, "Risk_Wildfire": "Relatively High", "Risk_Drought": "Relatively Moderate", "Risk_Flooding": "Relatively Moderate", "Area_sqkm": 317655.99916404241, "Forest_Pct": 18.222969167430396, "Urban_Pct": 0.4929945644277276, "Crop_Pct": 1.3388354899289241, "Wetland_Pct": 0.0001332172007545, "Protected_Pct": 83.758138039988026, "Species_Density": 0.00019203163220757769, "Population_Density": 6.6589833202162954, "GDP_Per_Capita": 66441.761934432827, "Human_Pressure": 0.011828688394630967, "Conservation_Effectiveness": 70265.029699650273, "Ecological_Vulnerability": 0.068238647619563442, "Biodiversity_Risk": 0.0 }, "geometry": { "type": "Polygon", "coordinates": [ [ [ -109.04734633634807, 31.339621562868093 ], [ -109.04734633634807, 36.998048288919904 ], [ -107.481548297610814, 36.998048288919904 ], [ -105.900837896599853, 36.998048288919904 ], [ -104.200828597399408, 36.998048288919904 ], [ -103.000383434367507, 36.993398801059598 ], [ -103.000383434367507, 36.500553087861931 ], [ -103.000383434367507, 33.87824193462184 ], [ -103.000383434367507, 31.999848839038517 ], [ -103.932406076473015, 31.999848839038517 ], [ -105.729345730452451, 31.999848839038517 ], [ -106.631543648010577, 31.999848839038517 ], [ -106.616631285736887, 31.916158057552124 ], [ -106.504788568684233, 31.75342598243968 ], [ -108.242078773568906, 31.75342598243968 ], [ -108.242078773568906, 31.344271050728508 ], [ -109.04734633634807, 31.339621562868093 ] ] ] } },
{ "type": "Feature", "properties": { "State": "Oregon", "Species_Count": 47, "Pop_2024": 4227337.0, "GDP_2024_Millions": 331029.0, "Risk_Overall": 64.285714285714292, "Risk_Wildfire": "Relatively High", "Risk_Drought": "Very Low", "Risk_Flooding": "Relatively Moderate", "Area_sqkm": 251245.66910030507, "Forest_Pct": 44.967544688242199, "Urban_Pct": 0.53879888562607836, "Crop_Pct": 4.6472276714839253, "Wetland_Pct": 0.028040709837705801, "Protected_Pct": 100.0, "Species_Density": 0.00018706790118334793, "Population_Density": 16.825511918823626, "GDP_Per_Capita": 78306.744884545522, "Human_Pressure": 0.023123614767125426, "Conservation_Effectiveness": 84241.179380146132, "Ecological_Vulnerability": 0.1238566197350088, "Biodiversity_Risk": 1.8614429482268409 }, "geometry": { "type": "Polygon", "coordinates": [ [ [ -116.913617435718592, 45.999456786566739 ], [ -116.682475820476427, 45.808827784292184 ], [ -116.510983654329024, 45.725137002805823 ], [ -116.45879038637112, 45.576353391274452 ], [ -116.555720741150083, 45.446167731184524 ], [ -116.689932001613286, 45.185796411004709 ], [ -116.839055624350152, 44.864981748640176 ], [ -117.047828696181782, 44.665053770644924 ], [ -117.18949613778183, 44.43722886548754 ], [ -117.196952318918662, 44.279146278235487 ], [ -117.010547790497583, 44.20940396033015 ], [ -116.928529797992283, 44.079218300240278 ], [ -117.010547790497583, 43.795599540758545 ], [ -117.025460152771259, 42.000897226661621 ], [ -117.025460152771259, 41.996247738801294 ], [ -120.000476426372046, 41.991598250940953 ], [ -124.213218768688961, 42.000897226661621 ], [ -124.533834557573257, 42.768062723620169 ], [ -124.138656957320521, 43.707259271411822 ], [ -123.900059160941524, 45.525209024810593 ], [ -123.996989515720472, 46.283075546048416 ], [ -123.773304081615166, 46.283075546048416 ], [ -123.475056836141405, 46.27842605818801 ], [ -123.229002858625563, 46.185436300980932 ], [ -122.938211794288634, 46.129642446656725 ], [ -122.751807265867527, 45.939013444382162 ], [ -122.729438722456976, 45.77163188140937 ], [ -122.654876911088564, 45.632147245598745 ], [ -122.423735295846399, 45.590301854855532 ], [ -122.177681318330528, 45.594951342715824 ], [ -121.789959899214637, 45.701889563504075 ], [ -121.558818283972471, 45.734435978526513 ], [ -121.200921589403947, 45.687941099922995 ], [ -121.044341785530236, 45.636796733459072 ], [ -120.835568713698606, 45.673992636341929 ], [ -120.611883279593272, 45.753033929967955 ], [ -120.157056230245772, 45.739085466386861 ], [ -119.784247173403571, 45.850673175035482 ], [ -119.590386463845618, 45.9343639565218 ], [ -119.336876305192945, 45.887869077918253 ], [ -118.978979610624407, 45.994807298706448 ], [ -116.913617435718592, 45.999456786566739 ] ] ] } },
{ "type": "Feature", "properties": { "State": "Utah", "Species_Count": 46, "Pop_2024": 3454232.0, "GDP_2024_Millions": 300904.0, "Risk_Overall": 44.642857142857146, "Risk_Wildfire": "Relatively High", "Risk_Drought": "Relatively Low", "Risk_Flooding": "Relatively Low", "Area_sqkm": 219282.95848294898, "Forest_Pct": 20.666889444715721, "Urban_Pct": 0.68842924320732679, "Crop_Pct": 1.5628852046673174, "Wetland_Pct": 0.19625516158581849, "Protected_Pct": 100.0, "Species_Density": 0.0002097746232458683, "Population_Density": 15.752396008778742, "GDP_Per_Capita": 87111.693713682238, "Human_Pressure": 0.023634131433356007, "Conservation_Effectiveness": 82660.024502494882, "Ecological_Vulnerability": 0.11863604796690341, "Biodiversity_Risk": 0.0 }, "geometry": { "type": "Polygon", "coordinates": [ [ [ -114.035531516896768, 41.991598250940953 ], [ -111.053059062159136, 42.000897226661621 ], [ -111.053059062159136, 41.029154263847467 ], [ -109.054802517484916, 41.00125733668532 ], [ -109.04734633634807, 36.998048288919904 ], [ -110.493845476895828, 37.007347264640622 ], [ -112.417540210201608, 37.007347264640622 ], [ -114.028075335759922, 36.99339880105957 ], [ -114.035531516896768, 41.991598250940953 ] ] ] } },
{ "type": "Feature", "properties": { "State": "Wyoming", "Species_Count": 17, "Pop_2024": 586485.0, "GDP_2024_Millions": 52946.0, "Risk_Overall": 14.285714285714285, "Risk_Wildfire": "Relatively Low", "Risk_Drought": "Very Low", "Risk_Flooding": "Relatively Low", "Area_sqkm": 256146.78379437304, "Forest_Pct": 14.017944750465713, "Urban_Pct": 0.20710018608319139, "Crop_Pct": 1.7125476086699836, "Wetland_Pct": 0.0022423208438170001, "Protected_Pct": 100.0, "Species_Density": 6.6368196188819177e-05, "Population_Density": 2.2896442083411541, "GDP_Per_Capita": 90276.818673964386, "Human_Pressure": 0.0040398510946705072, "Conservation_Effectiveness": 93776.240099243587, "Ecological_Vulnerability": 0.01571032344970958, "Biodiversity_Risk": 0.0 }, "geometry": { "type": "Polygon", "coordinates": [ [ [ -111.082883786706503, 44.506971183392871 ], [ -111.067971424432827, 44.539517598415394 ], [ -111.067971424432827, 45.050961263054312 ], [ -109.099539604305974, 45.055610750914767 ], [ -107.548653927842409, 45.046311775194006 ], [ -105.744258092726128, 45.050961263054312 ], [ -104.081529699209895, 45.041662287333637 ], [ -104.051704974662528, 43.000537116637865 ], [ -104.044248793525682, 41.005906824545711 ], [ -105.043377065862785, 41.005906824545711 ], [ -107.04908979167385, 41.001257336685335 ], [ -108.048218064010953, 41.00125733668532 ], [ -109.054802517484916, 41.00125733668532 ], [ -111.053059062159136, 41.029154263847467 ], [ -111.053059062159136, 42.000897226661621 ], [ -111.053059062159136, 44.488373231951478 ], [ -111.082883786706503, 44.506971183392871 ] ] ] } },
{ "type": "Feature", "properties": { "State": "Arkansas", "Species_Count": 36, "Pop_2024": 3089060.0, "GDP_2024_Millions": 188723.0, "Risk_Overall": 48.214285714285715, "Risk_Wildfire": "Relatively Low", "Risk_Drought": "Relatively Moderate", "Risk_Flooding": "Relatively Moderate", "Area_sqkm": 137746.95232633475, "Forest_Pct": 61.274798222636321, "Urban_Pct": 0.88825798502299036, "Crop_Pct": 18.339903717575201, "Wetland_Pct": 0.040426114499956298, "Protected_Pct": 31.26209680747931, "Species_Density": 0.00026134879496072486, "Population_Density": 22.425614126704907, "GDP_Per_Capita": 61093.989757401927, "Human_Pressure": 0.032919395936806324, "Conservation_Effectiveness": 24784.656656728112, "Ecological_Vulnerability": 0.011697522144302891, "Biodiversity_Risk": 8.4857702603776897 }, "geometry": { "type": "Polygon", "coordinates": [ [ [ -89.661275380553406, 36.021655838245358 ], [ -89.676187742827096, 35.937965056759047 ], [ -89.773118097606073, 35.798480420948394 ], [ -89.952066444890335, 35.700841175880925 ], [ -89.989347350574548, 35.538109100768509 ], [ -90.145927154448273, 35.403273952818189 ], [ -90.138470973311428, 35.1150057054762 ], [ -90.250313690364095, 35.022015948269136 ], [ -90.265226052637786, 34.942974654643081 ], [ -90.444174399922034, 34.868582848877438 ], [ -90.451630581058879, 34.719799237346095 ], [ -90.585841841522083, 34.454778429305819 ], [ -90.697684558574736, 34.398984574981569 ], [ -90.876632905858997, 34.259499939170958 ], [ -90.981019441774819, 34.054922473315351 ], [ -91.197248694743308, 33.706210883788692 ], [ -91.227073419290676, 33.469087002910605 ], [ -91.107774521101163, 33.208715682730762 ], [ -91.152511607922236, 33.008787704735468 ], [ -92.002516257522473, 33.045983607618339 ], [ -93.091118703501692, 33.008787704735468 ], [ -94.060422251291428, 33.013437192595859 ], [ -94.000772802196678, 33.580674711559126 ], [ -94.231914417438844, 33.585324199419503 ], [ -94.425775126996797, 33.571375735838394 ], [ -94.477968394954701, 33.636468565883369 ], [ -94.448143670407319, 34.510572283630069 ], [ -94.433231308133628, 35.482315246444216 ], [ -94.627092017691581, 36.542398478605136 ], [ -93.411734492385989, 36.528450015024049 ], [ -92.308219684133064, 36.523800527163694 ], [ -91.249441962701198, 36.523800527163715 ], [ -90.10864624876406, 36.463357184979095 ], [ -90.026628256258775, 36.337821012749544 ], [ -90.138470973311428, 36.23088279196142 ], [ -90.250313690364095, 36.123944571173205 ], [ -90.31741932059569, 36.021655838245358 ], [ -89.661275380553406, 36.021655838245358 ] ] ] } },
{ "type": "Feature", "properties": { "State": "Iowa", "Species_Count": 18, "Pop_2024": 3214315.0, "GDP_2024_Millions": 257021.0, "Risk_Overall": 51.785714285714285, "Risk_Wildfire": "Relatively Low", "Risk_Drought": "Relatively High", "Risk_Flooding": "Relatively Moderate", "Area_sqkm": 145856.7258861943, "Forest_Pct": 12.26828197489797, "Urban_Pct": 2.1828433962951861, "Crop_Pct": 69.451212339743321, "Wetland_Pct": 0.048988381802544299, "Protected_Pct": 81.378126937038019, "Species_Density": 0.00012340877591098968, "Population_Density": 22.037482196796265, "GDP_Per_Capita": 79961.36035205012, "Human_Pressure": 0.046778259656170267, "Conservation_Effectiveness": 72438.571499539175, "Ecological_Vulnerability": 0.17688654140704879, "Biodiversity_Risk": 2.0468695533625874 }, "geometry": { "type": "Polygon", "coordinates": [ [ [ -96.453856396218384, 43.502681805556236 ], [ -95.357797769102305, 43.498032317695909 ], [ -94.000772802196678, 43.511980781276911 ], [ -92.53936129937523, 43.5212797569977 ], [ -91.227073419290676, 43.502681805556222 ], [ -91.212161057016985, 43.446887951231943 ], [ -91.085405977690627, 43.288805363979925 ], [ -91.174880151332758, 43.214413558214218 ], [ -91.167423970195912, 43.000537116637865 ], [ -91.130143064511699, 42.912196847291135 ], [ -91.063037434280105, 42.754114260039152 ], [ -90.734965464258977, 42.656475014971676 ], [ -90.638035109479986, 42.503041915579935 ], [ -90.585841841522083, 42.428650109814278 ], [ -90.46654294333257, 42.377505743350405 ], [ -90.414349675374666, 42.270567522562239 ], [ -90.25776987150094, 42.191526228936205 ], [ -90.153383335585119, 42.103185959589439 ], [ -90.213032784679868, 41.833515663688885 ], [ -90.39198113196413, 41.610340246391864 ], [ -90.459086762195724, 41.535948440626164 ], [ -90.69022837743789, 41.480154586301914 ], [ -91.033212709732723, 41.429010219837977 ], [ -91.122686883374854, 41.256979169004865 ], [ -90.99593180404851, 41.177937875378824 ], [ -90.958650898364283, 41.02450477598714 ], [ -91.085405977690627, 40.852473725154034 ], [ -91.152511607922236, 40.699040625762336 ], [ -91.413477947711769, 40.550257014230958 ], [ -91.428390309985474, 40.368926987677128 ], [ -91.570057751585495, 40.452617769163467 ], [ -91.756462280006602, 40.615349844275919 ], [ -92.852520907122681, 40.592102404974149 ], [ -94.000772802196678, 40.582803429253424 ], [ -94.895514538617974, 40.582803429253453 ], [ -95.7977124561761, 40.582803429253453 ], [ -95.864818086407695, 40.764133455807226 ], [ -95.834993361860342, 40.945463482361113 ], [ -95.857361905270864, 41.11749453319424 ], [ -95.961748441186671, 41.405762780536236 ], [ -96.02139789028142, 41.521999977045091 ], [ -96.095959701649875, 41.554546392067621 ], [ -96.103415882786706, 41.78702078508524 ], [ -96.170521513018315, 41.954402348058075 ], [ -96.349469860302563, 42.140381862472289 ], [ -96.349469860302563, 42.224072643958706 ], [ -96.409119309397326, 42.391454206931471 ], [ -96.453856396218384, 42.489093451998869 ], [ -96.453856396218384, 42.582083209206004 ], [ -96.617892381228955, 42.693670917854533 ], [ -96.53587438872367, 42.856402992966956 ], [ -96.483681120765766, 43.014485580218974 ], [ -96.46131257735523, 43.126073288867474 ], [ -96.588067656681574, 43.256258948957459 ], [ -96.588067656681574, 43.502681805556222 ], [ -96.453856396218384, 43.502681805556236 ] ] ] } },
{ "type": "Feature", "properties": { "State": "Kansas", "Species_Count": 18, "Pop_2024": 2944376.0, "GDP_2024_Millions": 234673.0, "Risk_Overall": 50.0, "Risk_Wildfire": "Relatively Moderate", "Risk_Drought": "Relatively High", "Risk_Flooding": "Relatively Moderate", "Area_sqkm": 213289.79383677899, "Forest_Pct": 8.5354987829405573, "Urban_Pct": 0.98097816160912799, "Crop_Pct": 45.881883309967407, "Wetland_Pct": 0.0017126133144249999, "Protected_Pct": 9.7057234049254113, "Species_Density": 8.4392223726253792e-05, "Population_Density": 13.80457989590068, "GDP_Per_Capita": 79702.116849206752, "Human_Pressure": 0.024791761424107193, "Conservation_Effectiveness": 8950.380860878935, "Ecological_Vulnerability": 0.17733643813600572, "Biodiversity_Risk": 11.756149472429273 }, "geometry": { "type": "Polygon", "coordinates": [ [ [ -102.038536067714617, 36.99339880105957 ], [ -102.038536067714617, 38.457987477071327 ], [ -102.053448429988308, 40.001617446709069 ], [ -102.045992248851462, 40.001617446709091 ], [ -100.301245862829958, 40.001617446709091 ], [ -98.996414163882221, 40.001617446709091 ], [ -96.699910373734255, 40.001617446709091 ], [ -95.320516863418078, 40.001617446709091 ], [ -95.081919067039067, 39.86678229875875 ], [ -94.955163987712723, 39.871431786619155 ], [ -94.925339263165341, 39.72729766294816 ], [ -95.067006704765376, 39.541318148533939 ], [ -94.992444893396936, 39.443678903466505 ], [ -94.865689814070592, 39.234451949750564 ], [ -94.604723474281045, 39.141462192543486 ], [ -94.61217965541789, 38.067430496801485 ], [ -94.619635836554735, 36.998048288919904 ], [ -95.49946521070234, 36.998048288919904 ], [ -97.296404864681762, 36.998048288919904 ], [ -99.100800699798043, 36.993398801059584 ], [ -100.099928972135146, 36.993398801059584 ], [ -101.099057244472263, 36.99339880105957 ], [ -102.038536067714617, 36.99339880105957 ] ] ] } },
{ "type": "Feature", "properties": { "State": "Missouri", "Species_Count": 42, "Pop_2024": 6215144.0, "GDP_2024_Millions": 451201.0, "Risk_Overall": 85.714285714285708, "Risk_Wildfire": "Relatively Low", "Risk_Drought": "Relatively Moderate", "Risk_Flooding": "Relatively Moderate", "Area_sqkm": 179413.58513305045, "Forest_Pct": 45.733485195491873, "Urban_Pct": 1.3671101927551337, "Crop_Pct": 25.008526689934762, "Wetland_Pct": 0.0053769173200218, "Protected_Pct": 17.672133002419834, "Species_Density": 0.00023409598536729213, "Population_Density": 34.641434735228891, "GDP_Per_Capita": 72597.030736536428, "Human_Pressure": 0.051162971916726432, "Conservation_Effectiveness": 14319.901540851577, "Ecological_Vulnerability": 0.20975801784893264, "Biodiversity_Risk": 20.323580050479304 }, "geometry": { "type": "Polygon", "coordinates": [ [ [ -89.661275380553406, 36.021655838245358 ], [ -90.31741932059569, 36.021655838245358 ], [ -90.250313690364095, 36.123944571173205 ], [ -90.138470973311428, 36.23088279196142 ], [ -90.026628256258775, 36.337821012749544 ], [ -90.10864624876406, 36.463357184979095 ], [ -91.249441962701198, 36.523800527163715 ], [ -92.308219684133064, 36.523800527163694 ], [ -93.411734492385989, 36.528450015024049 ], [ -94.627092017691581, 36.542398478605136 ], [ -94.619635836554735, 36.998048288919904 ], [ -94.619635836554735, 36.998048288919904 ], [ -94.61217965541789, 38.067430496801485 ], [ -94.604723474281045, 39.141462192543486 ], [ -94.865689814070592, 39.234451949750564 ], [ -94.992444893396936, 39.443678903466505 ], [ -95.067006704765376, 39.541318148533939 ], [ -94.925339263165341, 39.72729766294816 ], [ -94.955163987712723, 39.871431786619155 ], [ -95.081919067039067, 39.86678229875875 ], [ -95.320516863418078, 40.001617446709091 ], [ -95.454728123881281, 40.215493888285415 ], [ -95.611307927755007, 40.341030060514996 ], [ -95.775343912765578, 40.499112647766999 ], [ -95.7977124561761, 40.582803429253453 ], [ -94.895514538617974, 40.582803429253453 ], [ -94.000772802196678, 40.582803429253424 ], [ -92.852520907122681, 40.592102404974149 ], [ -91.756462280006602, 40.615349844275919 ], [ -91.570057751585495, 40.452617769163467 ], [ -91.428390309985474, 40.368926987677128 ], [ -91.517864483627591, 40.117854643217989 ], [ -91.428390309985474, 39.82028742015526 ], [ -91.264354324974889, 39.615709954299611 ], [ -91.07049361541695, 39.443678903466498 ], [ -90.839352000174785, 39.308843755516243 ], [ -90.749877826532654, 39.266998364773023 ], [ -90.667859834027368, 39.07636936249849 ], [ -90.652947471753677, 38.908987799525697 ], [ -90.533648573564165, 38.867142408782534 ], [ -90.347244045143071, 38.932235238827445 ], [ -90.153383335585119, 38.769503163715022 ], [ -90.213032784679868, 38.583523649300922 ], [ -90.302506958321999, 38.439389525629885 ], [ -90.369612588553593, 38.262708986936424 ], [ -90.227945146953559, 38.113925375405039 ], [ -90.026628256258775, 37.969791251734016 ], [ -89.914785539206108, 37.96979125173403 ], [ -89.65381919941656, 37.746615834437065 ], [ -89.556888844637598, 37.718718907274884 ], [ -89.482327033269158, 37.476945538536405 ], [ -89.519607938953371, 37.328161927005112 ], [ -89.385396678490181, 37.081739070406265 ], [ -89.28101014257436, 37.109635997568411 ], [ -89.102061795290098, 36.951553410316329 ], [ -89.131886519837479, 36.85391416524886 ], [ -89.116974157563789, 36.695831577996856 ], [ -89.273553961437514, 36.612140796510424 ], [ -89.497239395542849, 36.505202575722315 ], [ -89.527064120090216, 36.407563330654853 ], [ -89.586713569184965, 36.26807869484422 ], [ -89.661275380553406, 36.021655838245358 ] ] ] } },
{ "type": "Feature", "properties": { "State": "Nebraska", "Species_Count": 14, "Pop_2024": 1988698.0, "GDP_2024_Millions": 185411.0, "Risk_Overall": 39.285714285714285, "Risk_Wildfire": "Relatively Low", "Risk_Drought": "Relatively High", "Risk_Flooding": "Relatively Low", "Area_sqkm": 199707.81248484302, "Forest_Pct": 4.2565520205364589, "Urban_Pct": 0.66685467727889214, "Crop_Pct": 38.870792724219278, "Wetland_Pct": 0.0429533644588019, "Protected_Pct": 15.023604348323955, "Species_Density": 7.0102415252595792e-05, "Population_Density": 9.9580380720004822, "GDP_Per_Capita": 93232.356044004671, "Human_Pressure": 0.017246600505980779, "Conservation_Effectiveness": 14039.407942816071, "Ecological_Vulnerability": 0.14637376511308445, "Biodiversity_Risk": 8.0746063238191468 }, "geometry": { "type": "Polygon", "coordinates": [ [ [ -102.053448429988308, 40.001617446709069 ], [ -102.053448429988308, 40.034163861731535 ], [ -102.045992248851462, 41.005906824545711 ], [ -104.044248793525682, 41.005906824545711 ], [ -104.051704974662528, 43.000537116637865 ], [ -102.098185516809366, 43.000537116637865 ], [ -100.599493108303705, 43.000537116637865 ], [ -98.593780382492639, 43.000537116637865 ], [ -98.332814042703092, 42.875000944408335 ], [ -97.967461166997751, 42.795959650782308 ], [ -97.885443174492451, 42.837805041525478 ], [ -97.64684537811344, 42.83780504152552 ], [ -97.28894868354493, 42.847104017246217 ], [ -97.027982343755383, 42.716918357156281 ], [ -96.752103641692145, 42.633227575669885 ], [ -96.707366554871086, 42.549536794183538 ], [ -96.625348562365801, 42.503041915579935 ], [ -96.453856396218384, 42.489093451998869 ], [ -96.409119309397326, 42.391454206931471 ], [ -96.349469860302563, 42.224072643958706 ], [ -96.349469860302563, 42.140381862472289 ], [ -96.170521513018315, 41.954402348058075 ], [ -96.103415882786706, 41.78702078508524 ], [ -96.095959701649875, 41.554546392067621 ], [ -96.02139789028142, 41.521999977045091 ], [ -95.961748441186671, 41.405762780536236 ], [ -95.857361905270864, 41.11749453319424 ], [ -95.834993361860342, 40.945463482361113 ], [ -95.864818086407695, 40.764133455807226 ], [ -95.7977124561761, 40.582803429253453 ], [ -95.775343912765578, 40.499112647766999 ], [ -95.611307927755007, 40.341030060514996 ], [ -95.454728123881281, 40.215493888285415 ], [ -95.320516863418078, 40.001617446709091 ], [ -96.699910373734255, 40.001617446709091 ], [ -98.996414163882221, 40.001617446709091 ], [ -100.301245862829958, 40.001617446709091 ], [ -102.045992248851462, 40.001617446709091 ], [ -102.053448429988308, 40.001617446709069 ] ] ] } },
{ "type": "Feature", "properties": { "State": "Oklahoma", "Species_Count": 22, "Pop_2024": 4088377.0, "GDP_2024_Millions": 265779.0, "Risk_Overall": 57.142857142857139, "Risk_Wildfire": "Relatively Moderate", "Risk_Drought": "Relatively High", "Risk_Flooding": "Relatively Moderate", "Area_sqkm": 181049.06386578036, "Forest_Pct": 28.953516221738624, "Urban_Pct": 1.2790930676831445, "Crop_Pct": 16.880116564637387, "Wetland_Pct": 0.0023261164989963998, "Protected_Pct": 95.245192268026159, "Species_Density": 0.00012151402238848121, "Population_Density": 22.581597014115985, "GDP_Per_Capita": 65008.437333445523, "Human_Pressure": 0.037393295922702074, "Conservation_Effectiveness": 84925.547399918447, "Ecological_Vulnerability": 0.14554815910926214, "Biodiversity_Risk": 1.0692622725314433 }, "geometry": { "type": "Polygon", "coordinates": [ [ [ -103.000383434367507, 36.993398801059598 ], [ -102.038536067714617, 36.99339880105957 ], [ -101.099057244472263, 36.99339880105957 ], [ -100.099928972135146, 36.993398801059584 ], [ -99.100800699798043, 36.993398801059584 ], [ -97.296404864681762, 36.998048288919904 ], [ -95.49946521070234, 36.998048288919904 ], [ -94.619635836554735, 36.998048288919904 ], [ -94.619635836554735, 36.998048288919904 ], [ -94.627092017691581, 36.542398478605136 ], [ -94.433231308133628, 35.482315246444216 ], [ -94.448143670407319, 34.510572283630069 ], [ -94.477968394954701, 33.636468565883369 ], [ -94.91042690089165, 33.831747056018258 ], [ -95.193761784091734, 33.938685276806432 ], [ -95.417447218197054, 33.868942958901087 ], [ -95.767887731628733, 33.882891422482182 ], [ -95.976660803460362, 33.87824193462184 ], [ -96.148152969607779, 33.799200640995842 ], [ -96.319645135755195, 33.75735525025263 ], [ -96.46131257735523, 33.803850128856091 ], [ -96.796840728513217, 33.752705762392253 ], [ -96.945964351250097, 33.920087325365024 ], [ -97.102544155123837, 33.771303713833632 ], [ -97.378422857187047, 33.836396543878607 ], [ -97.654301559250285, 33.994479131130703 ], [ -97.960004985860891, 33.892190398202885 ], [ -98.086760065187249, 34.133963766941349 ], [ -98.556499476808426, 34.110716327639587 ], [ -98.854746722282187, 34.166510181963851 ], [ -99.190274873440174, 34.236252499869188 ], [ -99.339398496177054, 34.440829965724731 ], [ -99.600364835966602, 34.375737135679763 ], [ -99.764400820977158, 34.459427917166202 ], [ -100.00299861735617, 34.566366137954361 ], [ -100.00299861735617, 35.519511149327073 ], [ -100.00299861735617, 36.50055308786191 ], [ -101.002126889693287, 36.500553087861931 ], [ -102.00125516203039, 36.500553087861931 ], [ -103.000383434367507, 36.500553087861931 ], [ -103.000383434367507, 36.993398801059598 ] ] ] } },
{ "type": "Feature", "properties": { "State": "South Dakota", "Species_Count": 15, "Pop_2024": 928767.0, "GDP_2024_Millions": 75179.0, "Risk_Overall": 26.785714285714285, "Risk_Wildfire": "Relatively Moderate", "Risk_Drought": "Relatively Moderate", "Risk_Flooding": "Relatively Low", "Area_sqkm": 201732.61863972418, "Forest_Pct": 3.8321562582764535, "Urban_Pct": 0.40924576491482267, "Crop_Pct": 32.383369723676495, "Wetland_Pct": 0.13000411685251331, "Protected_Pct": 100.0, "Species_Density": 7.4355848355830913e-05, "Population_Density": 4.6039505473266669, "GDP_Per_Capita": 80944.951747854953, "Human_Pressure": 0.0087244272041863309, "Conservation_Effectiveness": 93079.029776807816, "Ecological_Vulnerability": 0.096874125662772259, "Biodiversity_Risk": 0.0 }, "geometry": { "type": "Polygon", "coordinates": [ [ [ -96.53587438872367, 46.018054738008182 ], [ -96.558242932134206, 45.873920614337216 ], [ -96.781928366239526, 45.76233290568868 ], [ -96.83412163419743, 45.627497757738389 ], [ -96.737191279418454, 45.469415170486371 ], [ -96.558242932134206, 45.395023364720622 ], [ -96.438944033944694, 44.43722886548754 ], [ -96.453856396218384, 43.502681805556236 ], [ -96.588067656681574, 43.502681805556222 ], [ -96.588067656681574, 43.256258948957459 ], [ -96.46131257735523, 43.126073288867474 ], [ -96.483681120765766, 43.014485580218974 ], [ -96.53587438872367, 42.856402992966956 ], [ -96.617892381228955, 42.693670917854533 ], [ -96.453856396218384, 42.582083209206004 ], [ -96.453856396218384, 42.489093451998869 ], [ -96.625348562365801, 42.503041915579935 ], [ -96.707366554871086, 42.549536794183538 ], [ -96.752103641692145, 42.633227575669885 ], [ -97.027982343755383, 42.716918357156281 ], [ -97.28894868354493, 42.847104017246217 ], [ -97.64684537811344, 42.83780504152552 ], [ -97.885443174492451, 42.837805041525478 ], [ -97.967461166997751, 42.795959650782308 ], [ -98.332814042703092, 42.875000944408335 ], [ -98.593780382492639, 43.000537116637865 ], [ -100.599493108303705, 43.000537116637865 ], [ -102.098185516809366, 43.000537116637865 ], [ -104.051704974662528, 43.000537116637865 ], [ -104.081529699209895, 45.041662287333637 ], [ -104.029336431251991, 45.957611395823548 ], [ -102.120554060219902, 45.962260883683896 ], [ -100.070104247587793, 45.966910371544252 ], [ -98.444656759755759, 45.962260883683896 ], [ -96.53587438872367, 46.018054738008182 ] ] ] } },
{ "type": "Feature", "properties": { "State": "Louisiana", "Species_Count": 26, "Pop_2024": 4559475.0, "GDP_2024_Millions": 327782.0, "Risk_Overall": 82.142857142857139, "Risk_Wildfire": "Relatively Low", "Risk_Drought": "Relatively Moderate", "Risk_Flooding": "Relatively Moderate", "Area_sqkm": 123312.55542363867, "Forest_Pct": 49.664668320670351, "Urban_Pct": 1.1527193894259782, "Crop_Pct": 10.286503553335049, "Wetland_Pct": 8.1477337488593626, "Protected_Pct": 19.965349969441473, "Species_Density": 0.00021084633199496466, "Population_Density": 36.974945368182368, "GDP_Per_Capita": 71890.294386963418, "Human_Pressure": 0.051276261806182853, "Conservation_Effectiveness": 16488.756204552385, "Ecological_Vulnerability": 0.18303558177769547, "Biodiversity_Risk": 19.062465728503124 }, "geometry": { "type": "Polygon", "coordinates": [ [ [ -94.060422251291428, 33.013437192595859 ], [ -93.091118703501692, 33.008787704735468 ], [ -92.002516257522473, 33.045983607618339 ], [ -91.152511607922236, 33.008787704735468 ], [ -91.085405977690627, 32.952993850411261 ], [ -91.174880151332758, 32.808859726740202 ], [ -91.033212709732723, 32.604282260884581 ], [ -91.07049361541695, 32.478746088655065 ], [ -90.943738536090592, 32.306715037821945 ], [ -91.077949796553796, 32.204426304894085 ], [ -91.130143064511699, 32.013797302619537 ], [ -91.324003774069638, 31.860364203227817 ], [ -91.413477947711769, 31.651137249511915 ], [ -91.5029521213539, 31.409363880773459 ], [ -91.622251019543413, 31.297776172124912 ], [ -91.584970113859185, 31.046703827665759 ], [ -90.705140739711581, 31.014157412643268 ], [ -89.758205735332382, 31.014157412643268 ], [ -89.788030459879764, 30.846775849670511 ], [ -89.855136090111358, 30.684043774558123 ], [ -89.788030459879764, 30.558507602328536 ], [ -89.661275380553406, 30.442270405819677 ], [ -89.623994474869193, 30.274888842846917 ], [ -89.601625931458656, 30.177249597779436 ], [ -89.594169750321811, 30.158651646338047 ], [ -89.594169750321811, 30.158651646338047 ], [ -89.594169750321811, 30.158651646338047 ], [ -89.415221403037549, 29.893630838297767 ], [ -89.43013376531124, 29.489125394446926 ], [ -89.22136069347961, 29.289197416451643 ], [ -89.407765221900704, 29.159011756361672 ], [ -89.780574278742918, 29.307795367893046 ], [ -90.153383335585119, 29.117166365618548 ], [ -90.876632905858997, 29.149712780641021 ], [ -91.629707200680258, 29.675104908861098 ], [ -92.502080393691017, 29.554218224491887 ], [ -93.225329963964896, 29.782043129649278 ], [ -93.851649179459798, 29.712300811744004 ], [ -93.918754809691393, 29.823888520392455 ], [ -93.814368273775571, 29.968022644063453 ], [ -93.665244651038691, 30.10285779201374 ], [ -93.665244651038691, 30.298136282148665 ], [ -93.739806462407131, 30.367878600053974 ], [ -93.650332288765, 30.605002480932075 ], [ -93.583226658533405, 30.711940701720206 ], [ -93.486296303754429, 31.079250242688275 ], [ -93.57577047739656, 31.214085390638569 ], [ -93.695069375586073, 31.441910295795928 ], [ -93.777087368091358, 31.674384688813628 ], [ -93.836736817186107, 31.827817788205365 ], [ -94.000772802196678, 31.944054984714249 ], [ -94.060422251291428, 33.013437192595859 ] ] ] } },
{ "type": "Feature", "properties": { "State": "Texas", "Species_Count": 111, "Pop_2024": 30976754.0, "GDP_2024_Millions": 2709393.0, "Risk_Overall": 98.214285714285722, "Risk_Wildfire": "Relatively High", "Risk_Drought": "Very High", "Risk_Flooding": "Relatively High", "Area_sqkm": 691233.67550784734, "Forest_Pct": 24.008343257774214, "Urban_Pct": 1.7358837083987562, "Crop_Pct": 11.699198144465321, "Wetland_Pct": 0.59563688420436567, "Protected_Pct": 13.662363719694993, "Species_Density": 0.00016058245414396025, "Population_Density": 44.813722330934574, "GDP_Per_Capita": 87465.361929142091, "Human_Pressure": 0.06602424543376087, "Conservation_Effectiveness": 11771.988858622097, "Ecological_Vulnerability": 0.32603976420901654, "Biodiversity_Risk": 24.335867505572747 }, "geometry": { "type": "Polygon", "coordinates": [ [ [ -106.504788568684233, 31.75342598243968 ], [ -106.616631285736887, 31.916158057552124 ], [ -106.631543648010577, 31.999848839038517 ], [ -105.729345730452451, 31.999848839038517 ], [ -103.932406076473015, 31.999848839038517 ], [ -103.000383434367507, 31.999848839038517 ], [ -103.000383434367507, 33.87824193462184 ], [ -103.000383434367507, 36.500553087861931 ], [ -102.00125516203039, 36.500553087861931 ], [ -101.002126889693287, 36.500553087861931 ], [ -100.00299861735617, 36.50055308786191 ], [ -100.00299861735617, 35.519511149327073 ], [ -100.00299861735617, 34.566366137954361 ], [ -99.764400820977158, 34.459427917166202 ], [ -99.600364835966602, 34.375737135679763 ], [ -99.339398496177054, 34.440829965724731 ], [ -99.190274873440174, 34.236252499869188 ], [ -98.854746722282187, 34.166510181963851 ], [ -98.556499476808426, 34.110716327639587 ], [ -98.086760065187249, 34.133963766941349 ], [ -97.960004985860891, 33.892190398202885 ], [ -97.654301559250285, 33.994479131130703 ], [ -97.378422857187047, 33.836396543878607 ], [ -97.102544155123837, 33.771303713833632 ], [ -96.945964351250097, 33.920087325365024 ], [ -96.796840728513217, 33.752705762392253 ], [ -96.46131257735523, 33.803850128856091 ], [ -96.319645135755195, 33.75735525025263 ], [ -96.148152969607779, 33.799200640995842 ], [ -95.976660803460362, 33.87824193462184 ], [ -95.767887731628733, 33.882891422482182 ], [ -95.417447218197054, 33.868942958901087 ], [ -95.193761784091734, 33.938685276806432 ], [ -94.91042690089165, 33.831747056018258 ], [ -94.477968394954701, 33.636468565883369 ], [ -94.425775126996797, 33.571375735838394 ], [ -94.231914417438844, 33.585324199419503 ], [ -94.000772802196678, 33.580674711559126 ], [ -94.060422251291428, 33.013437192595859 ], [ -94.000772802196678, 31.944054984714249 ], [ -93.836736817186107, 31.827817788205365 ], [ -93.777087368091358, 31.674384688813628 ], [ -93.695069375586073, 31.441910295795928 ], [ -93.57577047739656, 31.214085390638569 ], [ -93.486296303754429, 31.079250242688275 ], [ -93.583226658533405, 30.711940701720206 ], [ -93.650332288765, 30.605002480932075 ], [ -93.739806462407131, 30.367878600053974 ], [ -93.665244651038691, 30.298136282148665 ], [ -93.665244651038691, 30.10285779201374 ], [ -93.814368273775571, 29.968022644063453 ], [ -93.918754809691393, 29.823888520392455 ], [ -93.851649179459798, 29.712300811744004 ], [ -94.68674146678633, 29.479826418726166 ], [ -95.603851746618176, 28.740557848929821 ], [ -96.595523837818419, 28.308155477916788 ], [ -97.139825060808036, 27.829258228300258 ], [ -97.370966676050216, 27.378257905845825 ], [ -97.378422857187047, 26.690133702513286 ], [ -97.333685770366003, 26.211236452896799 ], [ -97.139825060808036, 25.871823839090954 ], [ -97.527546479923942, 25.839277424068445 ], [ -98.243339869060975, 26.057803353505093 ], [ -99.018782707292758, 26.369319040148909 ], [ -99.302117590492827, 26.838917314044689 ], [ -99.518346843461316, 27.540989980958255 ], [ -100.107385153271991, 28.108227499921568 ], [ -100.45782566670367, 28.69406297032624 ], [ -100.957389802872214, 29.382187173658803 ], [ -101.665727010872416, 29.777393641788908 ], [ -102.478450754788412, 29.758795690347497 ], [ -103.11222615142016, 28.968382754087173 ], [ -103.93986225760986, 29.27059946501025 ], [ -104.45433875605211, 29.572816175933333 ], [ -104.707848914704797, 30.121455743455204 ], [ -105.03592088472594, 30.642198383814904 ], [ -105.632415375673489, 31.083899730548598 ], [ -106.139435692978864, 31.400064905052773 ], [ -106.504788568684233, 31.75342598243968 ] ] ] } },
{ "type": "Feature", "properties": { "State": "Connecticut", "Species_Count": 12, "Pop_2024": 3625646.0, "GDP_2024_Millions": 365723.0, "Risk_Overall": 37.5, "Risk_Wildfire": "Very Low", "Risk_Drought": "Very Low", "Risk_Flooding": "Relatively Moderate", "Area_sqkm": 13407.729793964441, "Forest_Pct": 73.864216700408534, "Urban_Pct": 3.8658691400768337, "Crop_Pct": 1.4279833991192108, "Wetland_Pct": 0.55342754574279363, "Protected_Pct": 54.00359584501161, "Species_Density": 0.00089500610352409268, "Population_Density": 270.41460826814267, "GDP_Per_Capita": 100871.12751768927, "Human_Pressure": 0.32894019971662225, "Conservation_Effectiveness": 28497.847972406289, "Ecological_Vulnerability": -0.059995042680995092, "Biodiversity_Risk": 10.535278136585925 }, "geometry": { "type": "Polygon", "coordinates": [ [ [ -73.496274675875398, 42.056691080985935 ], [ -72.735744199917306, 42.038093129544485 ], [ -71.803721557811798, 42.014845690242709 ], [ -71.796265376674953, 41.466206122720884 ], [ -71.855914825769688, 41.322071999049882 ], [ -72.295829512843497, 41.270927632585945 ], [ -72.877411641517341, 41.219783266122057 ], [ -73.645398298612278, 40.954762458081838 ], [ -73.645398298612278, 40.954762458081838 ], [ -73.645398298612278, 40.954762458081838 ], [ -73.660310660885969, 40.987308873104283 ], [ -73.690135385433351, 41.108195557473529 ], [ -73.47390613246489, 41.205834802540942 ], [ -73.555924124970161, 41.289525584027409 ], [ -73.496274675875398, 42.056691080985935 ] ] ] } },
{ "type": "Feature", "properties": { "State": "Massachusetts", "Species_Count": 18, "Pop_2024": 7020058.0, "GDP_2024_Millions": 780666.0, "Risk_Overall": 42.857142857142854, "Risk_Wildfire": "Very Low", "Risk_Drought": "Relatively Low", "Risk_Flooding": "Relatively Moderate", "Area_sqkm": 22318.746360253634, "Forest_Pct": 61.822074703693708, "Urban_Pct": 4.2287067976584192, "Crop_Pct": 0.92028615442483563, "Wetland_Pct": 1.0439633917910909, "Protected_Pct": 73.594219791408847, "Species_Density": 0.0008064969111372367, "Population_Density": 314.53639405579156, "GDP_Per_Capita": 111205.06411770388, "Human_Pressure": 0.37976753662751739, "Conservation_Effectiveness": 40738.635830315026, "Ecological_Vulnerability": -0.0013515322895344406, "Biodiversity_Risk": 10.103460393863632 }, "geometry": { "type": "Polygon", "coordinates": [ [ [ -71.803721557811798, 42.014845690242709 ], [ -72.735744199917306, 42.038093129544485 ], [ -73.496274675875398, 42.056691080985935 ], [ -73.280045422906923, 42.744815284318413 ], [ -72.459865497854068, 42.726217332877013 ], [ -71.251964153685321, 42.716918357156281 ], [ -71.147577617769514, 42.814557602223708 ], [ -70.931348364801053, 42.884299920129095 ], [ -70.812049466611541, 42.865701968687603 ], [ -70.826961828885217, 42.335660352607221 ], [ -70.491433677727244, 41.805618736526725 ], [ -70.081343715200802, 41.777721809364607 ], [ -70.185730251116624, 42.145031350332658 ], [ -69.887483005642864, 41.921855933035665 ], [ -69.962044817011304, 41.638237173553996 ], [ -70.640557300464124, 41.475505098441587 ], [ -71.117752893222132, 41.494103049882952 ], [ -71.147577617769528, 41.647536149274679 ], [ -71.304157421643254, 41.763773345783576 ], [ -71.378719233011694, 42.024144665963391 ], [ -71.803721557811798, 42.014845690242709 ] ] ] } },
{ "type": "Feature", "properties": { "State": "New Hampshire", "Species_Count": 12, "Pop_2024": 1405105.0, "GDP_2024_Millions": 121189.0, "Risk_Overall": 19.642857142857142, "Risk_Wildfire": "Very Low", "Risk_Drought": "Relatively Low", "Risk_Flooding": "Relatively Low", "Area_sqkm": 23877.993113518798, "Forest_Pct": 88.038769879149058, "Urban_Pct": 1.3246069156061751, "Crop_Pct": 0.84115946739397252, "Wetland_Pct": 0.36725802440254418, "Protected_Pct": 100.0, "Species_Density": 0.00050255479775668677, "Population_Density": 58.845188258492449, "GDP_Per_Capita": 86249.070354172814, "Human_Pressure": 0.07638252054535126, "Conservation_Effectiveness": 66553.313163220359, "Ecological_Vulnerability": -0.18157106031920006, "Biodiversity_Risk": 0.0 }, "geometry": { "type": "Polygon", "coordinates": [ [ [ -70.812049466611541, 42.865701968687603 ], [ -70.931348364801053, 42.884299920129095 ], [ -71.147577617769514, 42.814557602223708 ], [ -71.251964153685321, 42.716918357156281 ], [ -72.459865497854068, 42.726217332877013 ], [ -72.534427309222508, 42.828506065804767 ], [ -72.459865497854068, 42.958691725894703 ], [ -72.437496954443546, 43.223712533934908 ], [ -72.400216048759319, 43.284155876119534 ], [ -72.370391324211951, 43.521279756997664 ], [ -72.258548607159284, 43.721207734992888 ], [ -72.176530614654013, 43.809548004339696 ], [ -72.057231716464486, 44.046671885217705 ], [ -72.034863173053964, 44.204754472469773 ], [ -72.005038448506582, 44.302393717537271 ], [ -71.811177738948629, 44.35353808400113 ], [ -71.587492304843323, 44.469775280510014 ], [ -71.542755218022251, 44.590661964879217 ], [ -71.617317029390691, 44.734796088550254 ], [ -71.505474312338023, 45.009115872311213 ], [ -71.505474312338023, 45.009115872311213 ], [ -71.408543957559061, 45.255538728909997 ], [ -71.087928168674765, 45.306683095373941 ], [ -70.946260727074716, 43.465485902673414 ], [ -70.983541632758943, 43.367846657605902 ], [ -70.797137104337835, 43.219063046074595 ], [ -70.752400017516777, 43.07957841026392 ], [ -70.648013481600955, 43.088877385984652 ], [ -70.812049466611541, 42.865701968687603 ] ] ] } },
{ "type": "Feature", "properties": { "State": "Rhode Island", "Species_Count": 9, "Pop_2024": 1098082.0, "GDP_2024_Millions": 82493.0, "Risk_Overall": 7.1428571428571423, "Risk_Wildfire": "Very Low", "Risk_Drought": "Very Low", "Risk_Flooding": "Relatively Low", "Area_sqkm": 3180.8514586401566, "Forest_Pct": 53.685058014567467, "Urban_Pct": 5.8697323919035131, "Crop_Pct": 0.53633050292551765, "Wetland_Pct": 0.631009500078198, "Protected_Pct": 39.175544513808354, "Species_Density": 0.0028294310869353147, "Population_Density": 345.21637186712269, "GDP_Per_Capita": 75124.626394021572, "Human_Pressure": 0.43041877014138546, "Conservation_Effectiveness": 10230.121295944369, "Ecological_Vulnerability": -0.11487454829656329, "Biodiversity_Risk": 9.9625196592405505 }, "geometry": { "type": "Polygon", "coordinates": [ [ [ -71.855914825769688, 41.322071999049882 ], [ -71.796265376674953, 41.466206122720884 ], [ -71.803721557811798, 42.014845690242709 ], [ -71.378719233011694, 42.024144665963391 ], [ -71.304157421643254, 41.763773345783576 ], [ -71.147577617769528, 41.647536149274679 ], [ -71.117752893222132, 41.494103049882952 ], [ -71.855914825769688, 41.322071999049882 ] ] ] } },
{ "type": "Feature", "properties": { "State": "Vermont", "Species_Count": 6, "Pop_2024": 647818.0, "GDP_2024_Millions": 45707.0, "Risk_Overall": 8.9285714285714288, "Risk_Wildfire": "Very Low", "Risk_Drought": "No Expected Annual Losses", "Risk_Flooding": "Relatively Low", "Area_sqkm": 25340.448792427738, "Forest_Pct": 81.733311315410049, "Urban_Pct": 0.70550271949874477, "Crop_Pct": 4.5996975010034875, "Wetland_Pct": 0.2022992828877932, "Protected_Pct": 96.445363803785582, "Species_Density": 0.00023677560129846346, "Population_Density": 25.564582746994667, "GDP_Per_Capita": 70555.310287766013, "Human_Pressure": 0.034236272401860258, "Conservation_Effectiveness": 77981.295638861018, "Ecological_Vulnerability": -0.20736914007344817, "Biodiversity_Risk": 0.0 }, "geometry": { "type": "Polygon", "coordinates": [ [ [ -72.459865497854068, 42.726217332877013 ], [ -73.280045422906923, 42.744815284318413 ], [ -73.242764517222696, 43.567774635601225 ], [ -73.384431958822745, 43.577073611321929 ], [ -73.399344321096436, 43.614269514204757 ], [ -73.339694872001672, 43.758403637875759 ], [ -73.429169045643803, 44.018774958055623 ], [ -73.332238690864841, 44.228001911771578 ], [ -73.384431958822745, 44.381435011163276 ], [ -73.406800502233267, 44.674352746365606 ], [ -73.369519596549054, 44.80453840645562 ], [ -73.347151053138518, 45.009115872311213 ], [ -71.505474312338023, 45.009115872311213 ], [ -71.505474312338023, 45.009115872311213 ], [ -71.617317029390691, 44.734796088550254 ], [ -71.542755218022251, 44.590661964879217 ], [ -71.587492304843323, 44.469775280510014 ], [ -71.811177738948629, 44.35353808400113 ], [ -72.005038448506582, 44.302393717537271 ], [ -72.034863173053964, 44.204754472469773 ], [ -72.057231716464486, 44.046671885217705 ], [ -72.176530614654013, 43.809548004339696 ], [ -72.258548607159284, 43.721207734992888 ], [ -72.370391324211951, 43.521279756997664 ], [ -72.400216048759319, 43.284155876119534 ], [ -72.437496954443546, 43.223712533934908 ], [ -72.459865497854068, 42.958691725894703 ], [ -72.534427309222508, 42.828506065804767 ], [ -72.459865497854068, 42.726217332877013 ] ] ] } },
{ "type": "Feature", "properties": { "State": "Alabama", "Species_Count": 144, "Pop_2024": 5143033.0, "GDP_2024_Millions": 321238.0, "Risk_Overall": 62.5, "Risk_Wildfire": "Relatively Low", "Risk_Drought": "Relatively Moderate", "Risk_Flooding": "Relatively Moderate", "Area_sqkm": 134187.86840652587, "Forest_Pct": 75.755852077347086, "Urban_Pct": 1.175722443367913, "Crop_Pct": 3.8706266786536241, "Wetland_Pct": 0.1189965981663814, "Protected_Pct": 11.26788235396557, "Species_Density": 0.0010731223448884962, "Population_Density": 38.327108561103593, "GDP_Per_Capita": 62460.808631793727, "Human_Pressure": 0.05296492126300513, "Conservation_Effectiveness": 5435.2230497865849, "Ecological_Vulnerability": 0.026259611098062463, "Biodiversity_Risk": 16.5039197707579 }, "geometry": { "type": "Polygon", "coordinates": [ [ [ -88.17003915318459, 34.998768508967331 ], [ -86.909944541057939, 34.998768508967345 ], [ -85.627481385520753, 34.984820045386286 ], [ -85.366515045731205, 33.743406786671599 ], [ -85.127917249352194, 32.748416384555661 ], [ -84.986249807752159, 32.436900697911852 ], [ -84.896775634110028, 32.260220159218392 ], [ -85.060811619120599, 32.083539620524874 ], [ -85.120461068215349, 31.767374446020792 ], [ -85.068267800257445, 31.576745443746212 ], [ -85.090636343667981, 31.400064905052773 ], [ -85.120461068215349, 31.2373328299403 ], [ -85.053355437983754, 31.1071471698504 ], [ -85.008618351162696, 30.990909973341541 ], [ -87.044155801521129, 30.986260485481147 ], [ -87.618281749058127, 30.925817143296555 ], [ -87.633194111331818, 30.851425337530884 ], [ -87.402052496089652, 30.609651968792456 ], [ -87.454245764047556, 30.409723990797186 ], [ -87.528807575415996, 30.274888842846917 ], [ -88.416093130700446, 30.386476551495385 ], [ -88.445917855247828, 31.911508569691772 ], [ -88.274425689100411, 33.51093239365381 ], [ -88.095477341816149, 34.808139506692825 ], [ -88.17003915318459, 34.998768508967331 ] ] ] } },
{ "type": "Feature", "properties": { "State": "Florida", "Species_Count": 134, "Pop_2024": 22975931.0, "GDP_2024_Millions": 1705565.0, "Risk_Overall": 96.428571428571445, "Risk_Wildfire": "Relatively High", "Risk_Drought": "Relatively Low", "Risk_Flooding": "Relatively High", "Area_sqkm": 154124.17907880683, "Forest_Pct": 47.904172962705559, "Urban_Pct": 4.2214521415126436, "Crop_Pct": 2.9578402944019788, "Wetland_Pct": 7.9524938136823726, "Protected_Pct": 61.704177510388128, "Species_Density": 0.00086942879956222231, "Population_Density": 149.07415006085409, "GDP_Per_Capita": 74232.682888889249, "Human_Pressure": 0.20407812564696351, "Conservation_Effectiveness": 33006.968505480305, "Ecological_Vulnerability": 0.25466612325070703, "Biodiversity_Risk": 20.960961191999992 }, "geometry": { "type": "Polygon", "coordinates": [ [ [ -87.528807575415996, 30.274888842846917 ], [ -87.454245764047556, 30.409723990797186 ], [ -87.402052496089652, 30.609651968792456 ], [ -87.633194111331818, 30.851425337530884 ], [ -87.618281749058127, 30.925817143296555 ], [ -87.044155801521129, 30.986260485481147 ], [ -85.008618351162696, 30.990909973341541 ], [ -84.85203854728897, 30.721239677440945 ], [ -83.845454093815007, 30.674744798837363 ], [ -82.227462787119848, 30.525961187306045 ], [ -82.152900975751407, 30.349280648612524 ], [ -82.026145896425049, 30.442270405819677 ], [ -82.018689715288204, 30.786332507485941 ], [ -81.899390817098705, 30.823528410368755 ], [ -81.698073926403907, 30.749136604603045 ], [ -81.489300854572278, 30.730538653161656 ], [ -81.310352507288016, 30.037764961968783 ], [ -80.982280537266874, 29.177609707803143 ], [ -80.534909669056248, 28.470887553029215 ], [ -80.527453487919388, 28.038485182016249 ], [ -80.057714076298211, 26.880762704787916 ], [ -80.087538800845593, 26.206586965036404 ], [ -80.132275887666665, 25.816029984766619 ], [ -80.378329865182508, 25.206947075060189 ], [ -80.676577110656268, 25.081410902830633 ], [ -81.168685065687995, 25.202297587199787 ], [ -81.332721050698552, 25.639349446073133 ], [ -81.712986288677598, 25.871823839090936 ], [ -82.242375149393524, 26.731979093256509 ], [ -82.70465837987787, 27.494495102354715 ], [ -82.85378200261475, 27.885052082624579 ], [ -82.652465111919952, 28.549928846655213 ], [ -82.92834381398319, 29.098568414177176 ], [ -83.711242833351818, 29.935476229040972 ], [ -84.098964252467709, 30.088909328432731 ], [ -85.105548705941672, 29.637909005978287 ], [ -85.28449705322592, 29.684403884581808 ], [ -85.776605008257633, 30.154002158477649 ], [ -86.402924223752535, 30.400425015076426 ], [ -87.528807575415996, 30.274888842846917 ] ] ] } },
{ "type": "Feature", "properties": { "State": "Georgia", "Species_Count": 76, "Pop_2024": 11145304.0, "GDP_2024_Millions": 882535.0, "Risk_Overall": 80.357142857142861, "Risk_Wildfire": "Relatively Low", "Risk_Drought": "Relatively Moderate", "Risk_Flooding": "Relatively Moderate", "Area_sqkm": 152109.30053518369, "Forest_Pct": 72.251457452203013, "Urban_Pct": 1.9355689674732439, "Crop_Pct": 7.6059694582402972, "Wetland_Pct": 0.99955466063212717, "Protected_Pct": 25.762098840877321, "Species_Density": 0.00049964071711986336, "Population_Density": 73.271680040511612, "GDP_Per_Capita": 79184.470876702864, "Human_Pressure": 0.098428646439180312, "Conservation_Effectiveness": 17178.847271068196, "Ecological_Vulnerability": 0.11048090597438215, "Biodiversity_Risk": 19.262041187569029 }, "geometry": { "type": "Polygon", "coordinates": [ [ [ -85.008618351162696, 30.990909973341541 ], [ -85.053355437983754, 31.1071471698504 ], [ -85.120461068215349, 31.2373328299403 ], [ -85.090636343667981, 31.400064905052773 ], [ -85.068267800257445, 31.576745443746212 ], [ -85.120461068215349, 31.767374446020792 ], [ -85.060811619120599, 32.083539620524874 ], [ -84.896775634110028, 32.260220159218392 ], [ -84.986249807752159, 32.436900697911852 ], [ -85.127917249352194, 32.748416384555661 ], [ -85.366515045731205, 33.743406786671599 ], [ -85.627481385520753, 34.984820045386286 ], [ -84.85203854728897, 34.975521069665596 ], [ -84.32264968657303, 34.984820045386272 ], [ -83.07746743672007, 34.980170557525916 ], [ -83.189310153772738, 34.896479776039527 ], [ -83.345889957646463, 34.705850773765022 ], [ -83.07746743672007, 34.538469210792201 ], [ -82.905975270572654, 34.478025868607574 ], [ -82.719570742151546, 34.161860694103524 ], [ -82.600271843962048, 33.985180155409992 ], [ -82.24983133053037, 33.74805627453194 ], [ -82.182725700298775, 33.622520102302339 ], [ -81.944127903919764, 33.459788027189887 ], [ -81.824829005730265, 33.222664146311814 ], [ -81.504213216845969, 33.022736168316605 ], [ -81.437107586614374, 32.794911263159165 ], [ -81.377458137519611, 32.683323554510665 ], [ -81.414739043203838, 32.608931748744986 ], [ -81.22833451478273, 32.497344040096444 ], [ -81.123947978866923, 32.311364525682265 ], [ -81.131404160003754, 32.12073552340771 ], [ -81.034473805224792, 32.083539620524903 ], [ -80.862981639077375, 32.032395254060972 ], [ -81.332721050698552, 31.441910295795928 ], [ -81.489300854572278, 30.730538653161656 ], [ -81.698073926403907, 30.749136604603045 ], [ -81.899390817098705, 30.823528410368755 ], [ -82.018689715288204, 30.786332507485941 ], [ -82.026145896425049, 30.442270405819677 ], [ -82.152900975751407, 30.349280648612524 ], [ -82.227462787119848, 30.525961187306045 ], [ -83.845454093815007, 30.674744798837363 ], [ -84.85203854728897, 30.721239677440945 ], [ -85.008618351162696, 30.990909973341541 ] ] ] } },
{ "type": "Feature", "properties": { "State": "Mississippi", "Species_Count": 51, "Pop_2024": 2940452.0, "GDP_2024_Millions": 157491.0, "Risk_Overall": 46.428571428571431, "Risk_Wildfire": "Relatively Low", "Risk_Drought": "Relatively Moderate", "Risk_Flooding": "Relatively Low", "Area_sqkm": 124701.57667996804, "Forest_Pct": 71.295016437649736, "Urban_Pct": 0.79224369814458406, "Crop_Pct": 11.878481121486759, "Wetland_Pct": 0.21469787599226009, "Protected_Pct": 21.912882078305344, "Species_Density": 0.00040897638472435288, "Population_Density": 23.579910361088096, "GDP_Per_Capita": 53560.132931943794, "Human_Pressure": 0.03308607219620574, "Conservation_Effectiveness": 15552.341626075091, "Ecological_Vulnerability": -0.025794032504229736, "Biodiversity_Risk": 9.6180105129438367 }, "geometry": { "type": "Polygon", "coordinates": [ [ [ -91.152511607922236, 33.008787704735468 ], [ -91.107774521101163, 33.208715682730762 ], [ -91.227073419290676, 33.469087002910605 ], [ -91.197248694743308, 33.706210883788692 ], [ -90.981019441774819, 34.054922473315351 ], [ -90.876632905858997, 34.259499939170958 ], [ -90.697684558574736, 34.398984574981569 ], [ -90.585841841522083, 34.454778429305819 ], [ -90.451630581058879, 34.719799237346095 ], [ -90.444174399922034, 34.868582848877438 ], [ -90.265226052637786, 34.942974654643081 ], [ -90.250313690364095, 35.022015948269136 ], [ -89.266097780300669, 35.022015948269136 ], [ -88.17003915318459, 34.998768508967331 ], [ -88.095477341816149, 34.808139506692825 ], [ -88.274425689100411, 33.51093239365381 ], [ -88.445917855247828, 31.911508569691772 ], [ -88.416093130700446, 30.386476551495385 ], [ -89.184079787795383, 30.316734233590058 ], [ -89.594169750321811, 30.158651646338047 ], [ -89.594169750321811, 30.158651646338047 ], [ -89.594169750321811, 30.158651646338047 ], [ -89.601625931458656, 30.177249597779436 ], [ -89.623994474869193, 30.274888842846917 ], [ -89.661275380553406, 30.442270405819677 ], [ -89.788030459879764, 30.558507602328536 ], [ -89.855136090111358, 30.684043774558123 ], [ -89.788030459879764, 30.846775849670511 ], [ -89.758205735332382, 31.014157412643268 ], [ -90.705140739711581, 31.014157412643268 ], [ -91.584970113859185, 31.046703827665759 ], [ -91.622251019543413, 31.297776172124912 ], [ -91.5029521213539, 31.409363880773459 ], [ -91.413477947711769, 31.651137249511915 ], [ -91.324003774069638, 31.860364203227817 ], [ -91.130143064511699, 32.013797302619537 ], [ -91.077949796553796, 32.204426304894085 ], [ -90.943738536090592, 32.306715037821945 ], [ -91.07049361541695, 32.478746088655065 ], [ -91.033212709732723, 32.604282260884581 ], [ -91.174880151332758, 32.808859726740202 ], [ -91.085405977690627, 32.952993850411261 ], [ -91.152511607922236, 33.008787704735468 ] ] ] } },
{ "type": "Feature", "properties": { "State": "South Carolina", "Species_Count": 39, "Pop_2024": 5464155.0, "GDP_2024_Millions": 349965.0, "Risk_Overall": 71.428571428571431, "Risk_Wildfire": "Relatively Low", "Risk_Drought": "Relatively Low", "Risk_Flooding": "Relatively Moderate", "Area_sqkm": 80649.875226113785, "Forest_Pct": 70.523588861253458, "Urban_Pct": 1.7953009749918825, "Crop_Pct": 5.6554647407145016, "Wetland_Pct": 2.1117443848967974, "Protected_Pct": 22.915362035920317, "Species_Density": 0.0004835717338763112, "Population_Density": 67.751561731254242, "GDP_Per_Capita": 64047.414467561772, "Human_Pressure": 0.091023762127551047, "Conservation_Effectiveness": 15446.076190765996, "Ecological_Vulnerability": 0.079529422055501037, "Biodiversity_Risk": 17.253051839487973 }, "geometry": { "type": "Polygon", "coordinates": [ [ [ -80.862981639077375, 32.032395254060972 ], [ -81.034473805224792, 32.083539620524903 ], [ -81.131404160003754, 32.12073552340771 ], [ -81.123947978866923, 32.311364525682265 ], [ -81.22833451478273, 32.497344040096444 ], [ -81.414739043203838, 32.608931748744986 ], [ -81.377458137519611, 32.683323554510665 ], [ -81.437107586614374, 32.794911263159165 ], [ -81.504213216845969, 33.022736168316605 ], [ -81.824829005730265, 33.222664146311814 ], [ -81.944127903919764, 33.459788027189887 ], [ -82.182725700298775, 33.622520102302339 ], [ -82.24983133053037, 33.74805627453194 ], [ -82.600271843962048, 33.985180155409992 ], [ -82.719570742151546, 34.161860694103524 ], [ -82.905975270572654, 34.478025868607574 ], [ -83.07746743672007, 34.538469210792201 ], [ -83.345889957646463, 34.705850773765022 ], [ -83.189310153772738, 34.896479776039527 ], [ -83.07746743672007, 34.980170557525916 ], [ -82.973080900804248, 35.008067484688027 ], [ -82.436235858951491, 35.180098535521161 ], [ -81.511669397982814, 35.170799559800479 ], [ -81.049386167498469, 35.124304681196968 ], [ -81.034473805224792, 35.035964411850195 ], [ -80.93754345044583, 35.105706729755518 ], [ -80.78096364657209, 34.933675678922363 ], [ -80.78096364657209, 34.817438482413486 ], [ -79.669992657182334, 34.808139506692825 ], [ -78.551565486655704, 33.859643983180398 ], [ -79.058585803961094, 33.492334442212396 ], [ -79.200253245561143, 33.157571316266832 ], [ -80.303768053814082, 32.511292503677545 ], [ -80.862981639077375, 32.032395254060972 ] ] ] } },
{ "type": "Feature", "properties": { "State": "Illinois", "Species_Count": 33, "Pop_2024": 12516863.0, "GDP_2024_Millions": 1137244.0, "Risk_Overall": 94.642857142857139, "Risk_Wildfire": "Very Low", "Risk_Drought": "Relatively High", "Risk_Flooding": "Relatively High", "Area_sqkm": 150919.71899576788, "Forest_Pct": 22.006245885197, "Urban_Pct": 3.0768601286135637, "Crop_Pct": 61.260763388814297, "Wetland_Pct": 0.032870104501893899, "Protected_Pct": 12.04538567139177, "Species_Density": 0.00021865929925913387, "Population_Density": 82.937227045532737, "GDP_Per_Capita": 90856.950339713716, "Human_Pressure": 0.12126791293822292, "Conservation_Effectiveness": 9884.1289593527781, "Ecological_Vulnerability": 0.32178327130167822, "Biodiversity_Risk": 25.134360827156321 }, "geometry": { "type": "Polygon", "coordinates": [ [ [ -91.428390309985474, 40.368926987677128 ], [ -91.413477947711769, 40.550257014230958 ], [ -91.152511607922236, 40.699040625762336 ], [ -91.085405977690627, 40.852473725154034 ], [ -90.958650898364283, 41.02450477598714 ], [ -90.99593180404851, 41.177937875378824 ], [ -91.122686883374854, 41.256979169004865 ], [ -91.033212709732723, 41.429010219837977 ], [ -90.69022837743789, 41.480154586301914 ], [ -90.459086762195724, 41.535948440626164 ], [ -90.39198113196413, 41.610340246391864 ], [ -90.213032784679868, 41.833515663688885 ], [ -90.153383335585119, 42.103185959589439 ], [ -90.25776987150094, 42.191526228936205 ], [ -90.414349675374666, 42.270567522562239 ], [ -90.46654294333257, 42.377505743350405 ], [ -90.585841841522083, 42.428650109814278 ], [ -90.638035109479986, 42.503041915579935 ], [ -89.616538293732347, 42.503041915579971 ], [ -88.580129115711017, 42.503041915579978 ], [ -87.804686277479234, 42.493742939859303 ], [ -87.804686277479234, 42.49839242771958 ], [ -87.491526669731783, 42.493742939859303 ], [ -87.036699620384283, 42.493742939859303 ], [ -87.081436707205356, 42.307763425445039 ], [ -87.133629975163274, 42.126433398891201 ], [ -87.178367061984318, 41.945103372337343 ], [ -87.22310414880539, 41.759123857923157 ], [ -87.372227771542271, 41.759123857923157 ], [ -87.521351394279151, 41.759123857923157 ], [ -87.521351394279151, 41.707979491459298 ], [ -87.528807575415996, 41.707979491459255 ], [ -87.528807575415996, 40.550257014230944 ], [ -87.528807575415996, 39.392534537002604 ], [ -87.640650292468663, 39.113565265381354 ], [ -87.558632299963378, 39.03917345961564 ], [ -87.50643903200546, 38.867142408782541 ], [ -87.513895213142305, 38.736956748692563 ], [ -87.595913205647605, 38.676513406507979 ], [ -87.670475017016031, 38.509131843535187 ], [ -87.879248088847675, 38.290605914098528 ], [ -88.020915530447709, 38.020935618197939 ], [ -88.050740254995091, 37.821007640202673 ], [ -88.043284073858246, 37.746615834437065 ], [ -88.155126790910899, 37.607131198626377 ], [ -88.073108798405613, 37.509491953558914 ], [ -88.24460096455303, 37.439749635653627 ], [ -88.475742579795195, 37.356058854167202 ], [ -88.438461674110982, 37.137532924730536 ], [ -88.565216753437326, 37.053842143244189 ], [ -88.811270730953183, 37.146831900451261 ], [ -89.07223707074273, 37.202625754775561 ], [ -89.139342700974325, 37.104986509708098 ], [ -89.102061795290098, 36.951553410316329 ], [ -89.28101014257436, 37.109635997568411 ], [ -89.385396678490181, 37.081739070406265 ], [ -89.519607938953371, 37.328161927005112 ], [ -89.482327033269158, 37.476945538536405 ], [ -89.556888844637598, 37.718718907274884 ], [ -89.65381919941656, 37.746615834437065 ], [ -89.914785539206108, 37.96979125173403 ], [ -90.026628256258775, 37.969791251734016 ], [ -90.227945146953559, 38.113925375405039 ], [ -90.369612588553593, 38.262708986936424 ], [ -90.302506958321999, 38.439389525629885 ], [ -90.213032784679868, 38.583523649300922 ], [ -90.153383335585119, 38.769503163715022 ], [ -90.347244045143071, 38.932235238827445 ], [ -90.533648573564165, 38.867142408782534 ], [ -90.652947471753677, 38.908987799525697 ], [ -90.667859834027368, 39.07636936249849 ], [ -90.749877826532654, 39.266998364773023 ], [ -90.839352000174785, 39.308843755516243 ], [ -91.07049361541695, 39.443678903466498 ], [ -91.264354324974889, 39.615709954299611 ], [ -91.428390309985474, 39.82028742015526 ], [ -91.517864483627591, 40.117854643217989 ], [ -91.428390309985474, 40.368926987677128 ] ] ] } },
{ "type": "Feature", "properties": { "State": "Indiana", "Species_Count": 31, "Pop_2024": 6892124.0, "GDP_2024_Millions": 527381.0, "Risk_Overall": 60.714285714285715, "Risk_Wildfire": "Very Low", "Risk_Drought": "Relatively Moderate", "Risk_Flooding": "Relatively Moderate", "Area_sqkm": 94322.949400691898, "Forest_Pct": 32.141537432592713, "Urban_Pct": 2.7676617202723097, "Crop_Pct": 51.293514986443547, "Wetland_Pct": 0.042349846030894298, "Protected_Pct": 9.1376676254103728, "Species_Density": 0.000328658085831364, "Population_Density": 73.069428424271081, "GDP_Per_Capita": 76519.371967190382, "Human_Pressure": 0.10738652484730968, "Conservation_Effectiveness": 6877.3657593727567, "Ecological_Vulnerability": 0.15473551572018168, "Biodiversity_Risk": 16.869589082394537 }, "geometry": { "type": "Polygon", "coordinates": [ [ [ -88.050740254995091, 37.821007640202673 ], [ -88.020915530447709, 38.020935618197939 ], [ -87.879248088847675, 38.290605914098528 ], [ -87.670475017016031, 38.509131843535187 ], [ -87.595913205647605, 38.676513406507979 ], [ -87.513895213142305, 38.736956748692563 ], [ -87.50643903200546, 38.867142408782541 ], [ -87.558632299963378, 39.03917345961564 ], [ -87.640650292468663, 39.113565265381354 ], [ -87.528807575415996, 39.392534537002604 ], [ -87.528807575415996, 40.550257014230944 ], [ -87.528807575415996, 41.707979491459255 ], [ -87.521351394279151, 41.707979491459298 ], [ -87.521351394279151, 41.759123857923157 ], [ -87.372227771542271, 41.759123857923157 ], [ -87.22310414880539, 41.759123857923157 ], [ -86.917400722194785, 41.759123857923157 ], [ -86.827926548552654, 41.759123857923157 ], [ -86.827926548552654, 41.754474370062823 ], [ -85.746780283710251, 41.749824882202532 ], [ -84.807301460467897, 41.754474370062823 ], [ -84.807301460467897, 41.67543307643686 ], [ -84.807301460467897, 40.773432431527972 ], [ -84.814757641604743, 39.801689468713825 ], [ -84.822213822741588, 39.10426628966065 ], [ -84.881863271836338, 39.057771411057054 ], [ -84.799845279331052, 38.853193945201454 ], [ -84.844582366152125, 38.778802139435768 ], [ -85.008618351162696, 38.778802139435768 ], [ -85.165198155036421, 38.690461870088981 ], [ -85.403795951415447, 38.727657772971895 ], [ -85.426164494825954, 38.537028770697312 ], [ -85.567831936426003, 38.46263696493164 ], [ -85.702043196889193, 38.290605914098528 ], [ -85.836254457352382, 38.258059499076033 ], [ -86.059939891457716, 37.960492276013376 ], [ -86.2612567821525, 38.048832545360078 ], [ -86.328362412384109, 38.16971922972931 ], [ -86.499854578531526, 37.96979125173403 ], [ -86.611697295584179, 37.858203543085573 ], [ -86.827926548552654, 37.974440739594399 ], [ -87.059068163794819, 37.881450982387307 ], [ -87.133629975163274, 37.783811737319873 ], [ -87.439333401773865, 37.937244836711571 ], [ -87.65556265474234, 37.825657128063021 ], [ -87.909072813395042, 37.904698421689105 ], [ -87.923985175668733, 37.793110713040527 ], [ -88.050740254995091, 37.821007640202673 ] ] ] } },
{ "type": "Feature", "properties": { "State": "Kentucky", "Species_Count": 52, "Pop_2024": 4540745.0, "GDP_2024_Millions": 293021.0, "Risk_Overall": 58.928571428571431, "Risk_Wildfire": "Relatively Low", "Risk_Drought": "Relatively Moderate", "Risk_Flooding": "Relatively Moderate", "Area_sqkm": 104242.67792359022, "Forest_Pct": 60.898734222631433, "Urban_Pct": 1.2998839057263238, "Crop_Pct": 14.192545699682627, "Wetland_Pct": 0.0020575091883647998, "Protected_Pct": 17.821730201610738, "Species_Density": 0.00049883599535034922, "Population_Density": 43.5593663789831, "GDP_Per_Capita": 64531.48106753407, "Human_Pressure": 0.059886742110151533, "Conservation_Effectiveness": 11890.380439819202, "Ecological_Vulnerability": 0.056917734763570399, "Biodiversity_Risk": 14.131467789156952 }, "geometry": { "type": "Polygon", "coordinates": [ [ [ -89.497239395542849, 36.505202575722315 ], [ -89.273553961437514, 36.612140796510424 ], [ -89.116974157563789, 36.695831577996856 ], [ -89.131886519837479, 36.85391416524886 ], [ -89.102061795290098, 36.951553410316329 ], [ -89.139342700974325, 37.104986509708098 ], [ -89.07223707074273, 37.202625754775561 ], [ -88.811270730953183, 37.146831900451261 ], [ -88.565216753437326, 37.053842143244189 ], [ -88.438461674110982, 37.137532924730536 ], [ -88.475742579795195, 37.356058854167202 ], [ -88.24460096455303, 37.439749635653627 ], [ -88.073108798405613, 37.509491953558914 ], [ -88.155126790910899, 37.607131198626377 ], [ -88.043284073858246, 37.746615834437065 ], [ -88.050740254995091, 37.821007640202673 ], [ -87.923985175668733, 37.793110713040527 ], [ -87.909072813395042, 37.904698421689105 ], [ -87.65556265474234, 37.825657128063021 ], [ -87.439333401773865, 37.937244836711571 ], [ -87.133629975163274, 37.783811737319873 ], [ -87.059068163794819, 37.881450982387307 ], [ -86.827926548552654, 37.974440739594399 ], [ -86.611697295584179, 37.858203543085573 ], [ -86.499854578531526, 37.96979125173403 ], [ -86.328362412384109, 38.16971922972931 ], [ -86.2612567821525, 38.048832545360078 ], [ -86.059939891457716, 37.960492276013376 ], [ -85.836254457352382, 38.258059499076033 ], [ -85.702043196889193, 38.290605914098528 ], [ -85.567831936426003, 38.46263696493164 ], [ -85.426164494825954, 38.537028770697312 ], [ -85.403795951415447, 38.727657772971895 ], [ -85.165198155036421, 38.690461870088981 ], [ -85.008618351162696, 38.778802139435768 ], [ -84.844582366152125, 38.778802139435768 ], [ -84.799845279331052, 38.853193945201454 ], [ -84.881863271836338, 39.057771411057054 ], [ -84.822213822741588, 39.10426628966065 ], [ -84.479229490446755, 39.081018850358852 ], [ -84.307737324299367, 38.988029093151752 ], [ -84.03931480337296, 38.760204187994333 ], [ -83.823085550404485, 38.690461870088996 ], [ -83.673961927667591, 38.611420576463061 ], [ -83.43536413128858, 38.639317503625179 ], [ -83.256415784004332, 38.578874161440524 ], [ -83.047642712172689, 38.634668015764809 ], [ -82.85378200261475, 38.653265967206195 ], [ -82.771764010109464, 38.509131843535187 ], [ -82.585359481688357, 38.416142086328122 ], [ -82.570447119414666, 38.318502841260667 ], [ -82.577903300551512, 38.113925375405039 ], [ -82.458604402362013, 37.955842788153006 ], [ -82.413867315540941, 37.807059176621664 ], [ -82.264743692804075, 37.676873516531721 ], [ -82.167813338025084, 37.555986832162446 ], [ -81.973952628467146, 37.537388880721053 ], [ -82.078339164382967, 37.458347587094991 ], [ -82.369130228719882, 37.239821657658389 ], [ -82.682289836467334, 37.118934973289171 ], [ -82.682289836467334, 37.118934973289171 ], [ -82.682289836467334, 37.118934973289171 ], [ -82.712114561014715, 37.039893679663116 ], [ -82.816501096930523, 36.932955458874908 ], [ -83.070011255583225, 36.821367750226436 ], [ -83.092379798993761, 36.816718262366088 ], [ -83.099835980130621, 36.802769798784979 ], [ -83.181853972635892, 36.719079017298625 ], [ -83.330977595372772, 36.672584138695079 ], [ -83.383170863330676, 36.658635675114006 ], [ -83.673961927667591, 36.598192332929415 ], [ -84.352474411120411, 36.565645917906885 ], [ -85.23230378526803, 36.612140796510445 ], [ -85.515638668468085, 36.598192332929415 ], [ -86.089764616005084, 36.626089260091518 ], [ -86.678802925815774, 36.635388235812229 ], [ -87.215647967668545, 36.640037723672556 ], [ -87.841967183163447, 36.612140796510445 ], [ -87.871791907710829, 36.658635675114006 ], [ -88.073108798405613, 36.653986187253658 ], [ -88.073108798405613, 36.495903600001611 ], [ -89.497239395542849, 36.505202575722315 ] ] ] } },
{ "type": "Feature", "properties": { "State": "North Carolina", "Species_Count": 68, "Pop_2024": 10975017.0, "GDP_2024_Millions": 839122.0, "Risk_Overall": 91.071428571428555, "Risk_Wildfire": "Relatively Low", "Risk_Drought": "Relatively Moderate", "Risk_Flooding": "Relatively High", "Area_sqkm": 132967.32635753442, "Forest_Pct": 64.502334744806788, "Urban_Pct": 1.878510269962786, "Crop_Pct": 10.028973595243768, "Wetland_Pct": 0.93697636334880341, "Protected_Pct": 35.316587834904119, "Species_Density": 0.00051140383026996824, "Population_Density": 82.539201927617881, "GDP_Per_Capita": 76457.46699071172, "Human_Pressure": 0.10763552789096088, "Conservation_Effectiveness": 23366.744960938624, "Ecological_Vulnerability": 0.17641424086118229, "Biodiversity_Risk": 20.751325972827221 }, "geometry": { "type": "Polygon", "coordinates": [ [ [ -83.07746743672007, 34.980170557525916 ], [ -84.32264968657303, 34.984820045386272 ], [ -84.300281143162508, 35.198696486962582 ], [ -84.084051890194019, 35.263789317007593 ], [ -84.016946259962424, 35.370727537795695 ], [ -83.875278818362389, 35.491614222164962 ], [ -83.673961927667591, 35.514861661466703 ], [ -83.43536413128858, 35.561356540070257 ], [ -83.21167869718326, 35.649696809417065 ], [ -83.107292161267452, 35.738037078763767 ], [ -82.920887632846345, 35.817078372389759 ], [ -82.92834381398319, 35.891470178155494 ], [ -82.674833655330488, 36.026305326105728 ], [ -82.592815662825217, 35.937965056759047 ], [ -82.227462787119848, 36.123944571173219 ], [ -82.048514439835586, 36.105346619731748 ], [ -81.899390817098705, 36.272728182704569 ], [ -81.690617745267062, 36.319223061308115 ], [ -81.705530107540753, 36.458707697118697 ], [ -81.675705382993385, 36.584243869348363 ], [ -82.070882983246122, 36.570295405767261 ], [ -81.675705382993385, 36.584243869348363 ], [ -79.990608446066616, 36.542398478605136 ], [ -77.999808082529242, 36.537748990744788 ], [ -76.941030361097376, 36.547047966465456 ], [ -75.994095356718177, 36.551697454325812 ], [ -75.867340277391833, 36.551697454325826 ], [ -75.867340277391833, 36.551697454325826 ], [ -75.725672835791784, 35.552057564349518 ], [ -76.366904413560377, 34.808139506692825 ], [ -77.395857410444876, 34.510572283630083 ], [ -78.052001350487146, 33.92473681322538 ], [ -78.551565486655704, 33.859643983180398 ], [ -79.669992657182334, 34.808139506692825 ], [ -80.78096364657209, 34.817438482413486 ], [ -80.78096364657209, 34.933675678922363 ], [ -80.93754345044583, 35.105706729755518 ], [ -81.034473805224792, 35.035964411850195 ], [ -81.049386167498469, 35.124304681196968 ], [ -81.511669397982814, 35.170799559800479 ], [ -82.436235858951491, 35.180098535521161 ], [ -82.973080900804248, 35.008067484688027 ], [ -83.07746743672007, 34.980170557525916 ] ] ] } },
{ "type": "Feature", "properties": { "State": "Ohio", "Species_Count": 28, "Pop_2024": 11812173.0, "GDP_2024_Millions": 927740.0, "Risk_Overall": 75.0, "Risk_Wildfire": "Very Low", "Risk_Drought": "Relatively Low", "Risk_Flooding": "Relatively High", "Area_sqkm": 116491.14807299904, "Forest_Pct": 39.014794169203306, "Urban_Pct": 3.0593648817116845, "Crop_Pct": 32.595027858219844, "Wetland_Pct": 0.058948438697898502, "Protected_Pct": 11.081702093400697, "Species_Density": 0.00024036161084491873, "Population_Density": 101.39974749495914, "GDP_Per_Capita": 78541.010193467373, "Human_Pressure": 0.14066981440544238, "Conservation_Effectiveness": 8934.2511058948221, "Ecological_Vulnerability": 0.19213371213752517, "Biodiversity_Risk": 20.87854944298461 }, "geometry": { "type": "Polygon", "coordinates": [ [ [ -84.822213822741588, 39.10426628966065 ], [ -84.814757641604743, 39.801689468713825 ], [ -84.807301460467897, 40.773432431527972 ], [ -84.807301460467897, 41.67543307643686 ], [ -84.292824962025662, 41.68473205215755 ], [ -83.837997912678162, 41.684732052157528 ], [ -83.465188855835976, 41.694031027878204 ], [ -83.144573066951665, 41.977649787359908 ], [ -83.122204523541129, 41.949752860197712 ], [ -83.032730349899012, 41.833515663688893 ], [ -82.868694364888441, 41.754474370062823 ], [ -82.689746017604179, 41.675433076436867 ], [ -82.436235858951491, 41.67543307643686 ], [ -82.212550424846157, 41.777721809364607 ], [ -81.973952628467146, 41.889309518013079 ], [ -81.757723375498671, 41.986948763080534 ], [ -81.504213216845969, 42.103185959589446 ], [ -81.280527782740648, 42.210124180377555 ], [ -81.027017624087947, 42.247320083260426 ], [ -80.684033291793114, 42.298464449724356 ], [ -80.519997306782543, 42.326361376886503 ], [ -80.512541125645697, 42.326361376886503 ], [ -80.512541125645697, 42.326361376886503 ], [ -80.519997306782543, 40.643246771438065 ], [ -80.654208567245732, 40.592102404974149 ], [ -80.616927661561519, 40.461916744884228 ], [ -80.661664748382591, 40.234091839726851 ], [ -80.766051284298413, 39.973720519546966 ], [ -80.862981639077375, 39.755194590110314 ], [ -80.877894001351066, 39.652905857182517 ], [ -81.15377270341429, 39.42508095202507 ], [ -81.265615420466958, 39.378586073421587 ], [ -81.399826680930161, 39.350689146259448 ], [ -81.51912557911966, 39.373936585561161 ], [ -81.74281101322498, 39.201905534728041 ], [ -81.787548100046038, 39.020575508174261 ], [ -81.81737282459342, 38.92293626310677 ], [ -81.906846998235551, 38.881090872363608 ], [ -81.921759360509228, 38.992678581012086 ], [ -82.055970620972431, 39.015926020313884 ], [ -82.197638062572466, 38.802049578737581 ], [ -82.212550424846157, 38.578874161440496 ], [ -82.339305504172501, 38.439389525629892 ], [ -82.585359481688357, 38.416142086328122 ], [ -82.771764010109464, 38.509131843535187 ], [ -82.85378200261475, 38.653265967206195 ], [ -83.047642712172689, 38.634668015764809 ], [ -83.256415784004332, 38.578874161440524 ], [ -83.43536413128858, 38.639317503625179 ], [ -83.673961927667591, 38.611420576463061 ], [ -83.823085550404485, 38.690461870088996 ], [ -84.03931480337296, 38.760204187994333 ], [ -84.307737324299367, 38.988029093151752 ], [ -84.479229490446755, 39.081018850358852 ], [ -84.822213822741588, 39.10426628966065 ] ] ] } },
{ "type": "Feature", "properties": { "State": "Tennessee", "Species_Count": 131, "Pop_2024": 7204002.0, "GDP_2024_Millions": 549709.0, "Risk_Overall": 73.214285714285708, "Risk_Wildfire": "Very Low", "Risk_Drought": "Relatively Low", "Risk_Flooding": "Relatively Moderate", "Area_sqkm": 108795.32701123542, "Forest_Pct": 65.616516426774908, "Urban_Pct": 1.6625041597695918, "Crop_Pct": 10.115995686494257, "Wetland_Pct": 0.0061433552331622999, "Protected_Pct": 23.092427390692023, "Species_Density": 0.0012040958338814633, "Population_Density": 66.216097675371984, "GDP_Per_Capita": 76306.058771221884, "Human_Pressure": 0.087930254528039667, "Conservation_Effectiveness": 10477.052329446913, "Ecological_Vulnerability": 0.10099510605612694, "Biodiversity_Risk": 18.435645388384685 }, "geometry": { "type": "Polygon", "coordinates": [ [ [ -90.250313690364095, 35.022015948269136 ], [ -90.138470973311428, 35.1150057054762 ], [ -90.145927154448273, 35.403273952818189 ], [ -89.989347350574548, 35.538109100768509 ], [ -89.952066444890335, 35.700841175880925 ], [ -89.773118097606073, 35.798480420948394 ], [ -89.676187742827096, 35.937965056759047 ], [ -89.661275380553406, 36.021655838245358 ], [ -89.586713569184965, 36.26807869484422 ], [ -89.527064120090216, 36.407563330654853 ], [ -89.497239395542849, 36.505202575722315 ], [ -88.073108798405613, 36.495903600001611 ], [ -88.073108798405613, 36.653986187253658 ], [ -87.871791907710829, 36.658635675114006 ], [ -87.841967183163447, 36.612140796510445 ], [ -87.215647967668545, 36.640037723672556 ], [ -86.678802925815774, 36.635388235812229 ], [ -86.089764616005084, 36.626089260091518 ], [ -85.515638668468085, 36.598192332929415 ], [ -85.23230378526803, 36.612140796510445 ], [ -84.352474411120411, 36.565645917906885 ], [ -83.673961927667591, 36.598192332929415 ], [ -83.383170863330676, 36.658635675114006 ], [ -83.330977595372772, 36.672584138695079 ], [ -83.383170863330676, 36.658635675114006 ], [ -83.673961927667591, 36.598192332929415 ], [ -82.182725700298775, 36.565645917906885 ], [ -82.070882983246122, 36.570295405767261 ], [ -81.675705382993385, 36.584243869348363 ], [ -81.705530107540753, 36.458707697118697 ], [ -81.690617745267062, 36.319223061308115 ], [ -81.899390817098705, 36.272728182704569 ], [ -82.048514439835586, 36.105346619731748 ], [ -82.227462787119848, 36.123944571173219 ], [ -82.592815662825217, 35.937965056759047 ], [ -82.674833655330488, 36.026305326105728 ], [ -82.92834381398319, 35.891470178155494 ], [ -82.920887632846345, 35.817078372389759 ], [ -83.107292161267452, 35.738037078763767 ], [ -83.21167869718326, 35.649696809417065 ], [ -83.43536413128858, 35.561356540070257 ], [ -83.673961927667591, 35.514861661466703 ], [ -83.875278818362389, 35.491614222164962 ], [ -84.016946259962424, 35.370727537795695 ], [ -84.084051890194019, 35.263789317007593 ], [ -84.300281143162508, 35.198696486962582 ], [ -84.32264968657303, 34.984820045386272 ], [ -84.85203854728897, 34.975521069665596 ], [ -85.627481385520753, 34.984820045386286 ], [ -86.909944541057939, 34.998768508967345 ], [ -88.17003915318459, 34.998768508967331 ], [ -89.266097780300669, 35.022015948269136 ], [ -90.250313690364095, 35.022015948269136 ] ] ] } },
{ "type": "Feature", "properties": { "State": "Virginia", "Species_Count": 77, "Pop_2024": 8752297.0, "GDP_2024_Millions": 764475.0, "Risk_Overall": 53.571428571428569, "Risk_Wildfire": "Relatively Low", "Risk_Drought": "Relatively High", "Risk_Flooding": "Relatively Moderate", "Area_sqkm": 104956.77963057575, "Forest_Pct": 68.595091366992222, "Urban_Pct": 1.6134912946959763, "Crop_Pct": 4.86295372073279, "Wetland_Pct": 0.65435903455808764, "Protected_Pct": 44.631780458143204, "Species_Density": 0.00073363531418382572, "Population_Density": 83.389534537989036, "GDP_Per_Capita": 87345.641949764729, "Human_Pressure": 0.10561658470820828, "Conservation_Effectiveness": 25744.618890135669, "Ecological_Vulnerability": 0.013340914068825566, "Biodiversity_Risk": 10.187674242463004 }, "geometry": { "type": "MultiPolygon", "coordinates": [ [ [ [ -83.330977595372772, 36.672584138695079 ], [ -83.181853972635892, 36.719079017298625 ], [ -83.099835980130621, 36.802769798784979 ], [ -83.092379798993761, 36.816718262366088 ], [ -83.070011255583225, 36.821367750226436 ], [ -82.816501096930523, 36.932955458874908 ], [ -82.712114561014715, 37.039893679663116 ], [ -82.682289836467334, 37.118934973289171 ], [ -82.682289836467334, 37.118934973289171 ], [ -82.682289836467334, 37.118934973289171 ], [ -82.369130228719882, 37.239821657658389 ], [ -82.078339164382967, 37.458347587094991 ], [ -81.973952628467146, 37.537388880721053 ], [ -81.929215541646073, 37.365357829887898 ], [ -81.839741368003956, 37.295615511982618 ], [ -81.81737282459342, 37.277017560541118 ], [ -81.660793020719694, 37.193326779054779 ], [ -81.437107586614374, 37.281667048401523 ], [ -81.347633412972243, 37.314213463423997 ], [ -81.347633412972243, 37.314213463423997 ], [ -81.347633412972243, 37.314213463423997 ], [ -81.22833451478273, 37.244471145518681 ], [ -80.915174907035279, 37.314213463423975 ], [ -80.85552545794053, 37.328161927005105 ], [ -80.840613095666839, 37.383955781329334 ], [ -80.833156914529994, 37.416502196351793 ], [ -80.721314197477341, 37.383955781329334 ], [ -80.602015299287828, 37.453698099234643 ], [ -80.594559118150983, 37.458347587095005 ], [ -80.594559118150983, 37.458347587095005 ], [ -80.594559118150983, 37.458347587095005 ], [ -80.460347857687793, 37.439749635653648 ], [ -80.296311872677222, 37.518790929279625 ], [ -80.288855691540377, 37.569935295743527 ], [ -80.273943329266686, 37.611780686486703 ], [ -80.296311872677222, 37.728017882995616 ], [ -80.296311872677222, 37.728017882995616 ], [ -80.296311872677222, 37.728017882995616 ], [ -80.154644431077188, 37.900048933828785 ], [ -79.960783721519235, 38.030234593918642 ], [ -79.916046634698176, 38.179018205450049 ], [ -79.8191162799192, 38.281306938377831 ], [ -79.74455446855076, 38.355698744143481 ], [ -79.647624113771784, 38.574224673580161 ], [ -79.647624113771784, 38.574224673580161 ], [ -79.647624113771784, 38.574224673580161 ], [ -79.513412853308594, 38.495183379954156 ], [ -79.364289230571714, 38.425441062048804 ], [ -79.222621788971665, 38.46263696493164 ], [ -79.177884702150607, 38.55562672213874 ], [ -79.073498166234785, 38.681162894368342 ], [ -79.00639253600319, 38.769503163715022 ], [ -78.961655449182132, 38.820647530179009 ], [ -78.961655449182132, 38.820647530179009 ], [ -78.961655449182132, 38.820647530179009 ], [ -78.894549818950537, 38.778802139435783 ], [ -78.745426196213643, 38.908987799525697 ], [ -78.63358347916099, 38.988029093151752 ], [ -78.551565486655704, 39.039173459615611 ], [ -78.514284580971477, 39.067070386777807 ], [ -78.424810407329346, 39.141462192543486 ], [ -78.365160958234597, 39.350689146259448 ], [ -78.342792414824061, 39.40648300058367 ], [ -78.342792414824061, 39.40648300058367 ], [ -78.342792414824061, 39.40648300058367 ], [ -77.880509184339729, 39.160060143984893 ], [ -77.835772097518671, 39.136812704683095 ], [ -77.723929380466004, 39.322792219097273 ], [ -77.694104655918636, 39.318142731236925 ], [ -77.574805757729123, 39.290245804074807 ], [ -77.440594497265934, 39.211204510448795 ], [ -77.440594497265934, 39.211204510448795 ], [ -77.440594497265934, 39.211204510448795 ], [ -77.500243946360683, 39.127513728962384 ], [ -77.515156308634374, 39.10426628966065 ], [ -77.306383236802731, 39.043822947475959 ], [ -77.119978708381637, 38.932235238827467 ], [ -77.119978708381637, 38.932235238827467 ], [ -77.037960715876352, 38.848544457341113 ], [ -77.037960715876366, 38.788101115156486 ], [ -77.037960715876366, 38.788101115156486 ], [ -77.060329259286888, 38.709059821530438 ], [ -77.097610164971101, 38.685812382228654 ], [ -77.231821425434291, 38.616070064323374 ], [ -77.343664142486958, 38.39289464702636 ], [ -77.209452882023768, 38.33710079270206 ], [ -77.045416897013197, 38.378946183445272 ], [ -77.000679810192125, 38.267358474796701 ], [ -76.993223629055279, 38.239461547634626 ], [ -76.299798783328797, 37.918646885270164 ], [ -76.255061696507724, 36.965501873897352 ], [ -75.97172681330764, 36.895759555992122 ], [ -75.867340277391833, 36.551697454325826 ], [ -75.867340277391833, 36.551697454325826 ], [ -75.867340277391833, 36.551697454325826 ], [ -75.994095356718177, 36.551697454325812 ], [ -76.941030361097376, 36.547047966465456 ], [ -77.999808082529242, 36.537748990744788 ], [ -79.990608446066616, 36.542398478605136 ], [ -81.675705382993385, 36.584243869348363 ], [ -82.070882983246122, 36.570295405767261 ], [ -82.182725700298775, 36.565645917906885 ], [ -83.673961927667591, 36.598192332929415 ], [ -83.383170863330676, 36.658635675114006 ], [ -83.330977595372772, 36.672584138695079 ] ] ], [ [ [ -75.375232322360119, 38.016286130337569 ], [ -75.941902088760273, 37.216574218356563 ], [ -76.031376262402389, 37.258419609099782 ], [ -75.725672835791784, 37.937244836711571 ], [ -75.725672835791784, 37.937244836711571 ], [ -75.606373937602299, 38.00233766675656 ], [ -75.375232322360119, 38.016286130337569 ], [ -75.375232322360119, 38.016286130337569 ] ] ] ] } },
{ "type": "Feature", "properties": { "State": "Wisconsin", "Species_Count": 25, "Pop_2024": 5931367.0, "GDP_2024_Millions": 451285.0, "Risk_Overall": 67.857142857142861, "Risk_Wildfire": "Very Low", "Risk_Drought": "Relatively Low", "Risk_Flooding": "Relatively Moderate", "Area_sqkm": 169750.08302912, "Forest_Pct": 47.91711280393077, "Urban_Pct": 1.6359071416747009, "Crop_Pct": 21.191256044457045, "Wetland_Pct": 0.42866405032214799, "Protected_Pct": 80.972151903528655, "Species_Density": 0.00014727533297118531, "Population_Density": 34.941761995972023, "GDP_Per_Capita": 76084.484403005248, "Human_Pressure": 0.054444787047689527, "Conservation_Effectiveness": 70577.7851022291, "Ecological_Vulnerability": 0.13258495444180327, "Biodiversity_Risk": 6.3451122682762904 }, "geometry": { "type": "Polygon", "coordinates": [ [ [ -91.227073419290676, 43.502681805556222 ], [ -91.256898143838043, 43.614269514204757 ], [ -91.256898143838043, 43.85604288294325 ], [ -91.286722868385425, 43.935084176569184 ], [ -91.629707200680258, 44.083867788100591 ], [ -91.883217359332946, 44.25589883893371 ], [ -91.950322989564555, 44.362837059721855 ], [ -92.062165706617222, 44.432579377627157 ], [ -92.382781495501504, 44.57671350129818 ], [ -92.502080393691017, 44.586012477018905 ], [ -92.800327639164777, 44.776641479293438 ], [ -92.76304673348055, 44.995167408730147 ], [ -92.76304673348055, 45.264837704630672 ], [ -92.68848492211211, 45.520559536950216 ], [ -92.897257993943754, 45.706539051364452 ], [ -92.755590552343705, 45.887869077918253 ], [ -92.546817480512075, 45.985508322985716 ], [ -92.293307321859388, 46.097096031634223 ], [ -92.263482597312006, 46.097096031634223 ], [ -92.278394959585682, 46.655034574876808 ], [ -92.009972438659304, 46.710828429201044 ], [ -91.965235351838231, 46.729426380642444 ], [ -91.838480272511887, 46.780570747106367 ], [ -91.719181374322375, 46.827065625709956 ], [ -91.592426294996031, 46.878209992173851 ], [ -91.465671215669687, 46.924704870777347 ], [ -91.264354324974889, 47.022344115844824 ], [ -91.063037434280105, 47.115333873051888 ], [ -90.854264362448461, 47.212973118119351 ], [ -90.652947471753677, 47.310612363186756 ], [ -90.481455305606261, 47.305962875326458 ], [ -90.302506958321999, 47.296663899605733 ], [ -90.131014792174582, 47.29201441174537 ], [ -89.95952262602718, 47.28736492388505 ], [ -90.011715893985084, 47.19902465453827 ], [ -90.071365343079833, 47.11068438519159 ], [ -90.131014792174582, 47.022344115844795 ], [ -90.1832080601325, 46.934003846498101 ], [ -90.24285750922725, 46.85031306501169 ], [ -90.302506958321999, 46.761972795664953 ], [ -90.354700226279917, 46.67363252631818 ], [ -90.39198113196413, 46.61318918413356 ], [ -90.414349675374666, 46.585292256971456 ], [ -90.399437313100975, 46.575993281250724 ], [ -90.332331682869395, 46.594591232692139 ], [ -90.332331682869395, 46.594591232692139 ], [ -90.175751878995655, 46.562044817669708 ], [ -90.093733886490369, 46.380714791115849 ], [ -89.22136069347961, 46.20403425242241 ], [ -88.647234745942612, 46.022704225868544 ], [ -88.363899862742542, 46.022704225868544 ], [ -88.17003915318459, 46.008755762287443 ], [ -88.11038970408984, 45.841374199314636 ], [ -87.871791907710829, 45.780930857130087 ], [ -87.789773915205544, 45.641446221319455 ], [ -87.849423364300293, 45.557755439833102 ], [ -87.894160451121365, 45.395023364720657 ], [ -87.670475017016031, 45.385724388999911 ], [ -87.745036828384471, 45.227641801747886 ], [ -87.610825567921282, 45.106755117378697 ], [ -87.610825567921282, 45.111404605238967 ], [ -87.461701945184402, 45.069559214495868 ], [ -87.416964858363329, 45.185796411004709 ], [ -87.245472692215927, 45.288085143932513 ], [ -87.118717612889569, 45.450817219044822 ], [ -86.939769265605307, 45.450817219044843 ], [ -86.77573328059475, 45.450817219044843 ], [ -86.484942216257821, 45.325281046815341 ], [ -86.2612567821525, 45.227641801747886 ], [ -86.402924223752535, 45.1346520445408 ], [ -86.537135484215739, 45.041662287333665 ], [ -86.716083831499986, 44.846383797198747 ], [ -86.820470367415808, 44.590661964879239 ], [ -86.917400722194785, 44.362837059721826 ], [ -87.029243439247438, 44.093166763821294 ], [ -87.081436707205356, 43.888589297965702 ], [ -87.141086156300105, 43.656114904947913 ], [ -87.14854233743695, 43.572424123461552 ], [ -87.155998518573796, 43.326001266862747 ], [ -87.111261431752723, 43.028434043800047 ], [ -87.081436707205356, 42.782011187201249 ], [ -87.036699620384283, 42.493742939859303 ], [ -87.491526669731783, 42.493742939859303 ], [ -87.804686277479234, 42.49839242771958 ], [ -87.804686277479234, 42.493742939859303 ], [ -88.580129115711017, 42.503041915579978 ], [ -89.616538293732347, 42.503041915579971 ], [ -90.638035109479986, 42.503041915579935 ], [ -90.734965464258977, 42.656475014971676 ], [ -91.063037434280105, 42.754114260039152 ], [ -91.130143064511699, 42.912196847291135 ], [ -91.167423970195912, 43.000537116637865 ], [ -91.174880151332758, 43.214413558214218 ], [ -91.085405977690627, 43.288805363979925 ], [ -91.212161057016985, 43.446887951231943 ], [ -91.227073419290676, 43.502681805556222 ] ] ] } },
{ "type": "Feature", "properties": { "State": "West Virginia", "Species_Count": 32, "Pop_2024": 1766107.0, "GDP_2024_Millions": 107660.0, "Risk_Overall": 32.142857142857146, "Risk_Wildfire": "Very Low", "Risk_Drought": "Relatively Low", "Risk_Flooding": "Relatively Moderate", "Area_sqkm": 62886.079166044001, "Forest_Pct": 87.090780539534251, "Urban_Pct": 0.75211878498296025, "Crop_Pct": 0.71541691323852397, "Wetland_Pct": 0.0024107752055369, "Protected_Pct": 32.523937540854384, "Species_Density": 0.00050885665674127022, "Population_Density": 28.084228233354832, "GDP_Per_Capita": 60958.933971724247, "Human_Pressure": 0.037424308447862112, "Conservation_Effectiveness": 21555.352786856147, "Ecological_Vulnerability": -0.13044455669222527, "Biodiversity_Risk": 4.6798304119982221 }, "geometry": { "type": "Polygon", "coordinates": [ [ [ -81.973952628467146, 37.537388880721053 ], [ -82.167813338025084, 37.555986832162446 ], [ -82.264743692804075, 37.676873516531721 ], [ -82.413867315540941, 37.807059176621664 ], [ -82.458604402362013, 37.955842788153006 ], [ -82.577903300551512, 38.113925375405039 ], [ -82.570447119414666, 38.318502841260667 ], [ -82.585359481688357, 38.416142086328122 ], [ -82.339305504172501, 38.439389525629892 ], [ -82.212550424846157, 38.578874161440496 ], [ -82.197638062572466, 38.802049578737581 ], [ -82.055970620972431, 39.015926020313884 ], [ -81.921759360509228, 38.992678581012086 ], [ -81.906846998235551, 38.881090872363608 ], [ -81.81737282459342, 38.92293626310677 ], [ -81.787548100046038, 39.020575508174261 ], [ -81.74281101322498, 39.201905534728041 ], [ -81.51912557911966, 39.373936585561161 ], [ -81.399826680930161, 39.350689146259448 ], [ -81.265615420466958, 39.378586073421587 ], [ -81.15377270341429, 39.42508095202507 ], [ -80.877894001351066, 39.652905857182517 ], [ -80.862981639077375, 39.755194590110314 ], [ -80.766051284298413, 39.973720519546966 ], [ -80.661664748382591, 40.234091839726851 ], [ -80.616927661561519, 40.461916744884228 ], [ -80.654208567245732, 40.592102404974149 ], [ -80.519997306782543, 40.643246771438065 ], [ -80.519997306782543, 39.722648175087784 ], [ -79.476131947624367, 39.722648175087784 ], [ -79.483588128761212, 39.211204510448809 ], [ -79.334464506024332, 39.304194267655873 ], [ -79.162972339876916, 39.420431464164729 ], [ -78.961655449182132, 39.45762736704755 ], [ -78.827444188718928, 39.564565587835723 ], [ -78.536653124382013, 39.522720197092497 ], [ -78.424810407329346, 39.597112002858204 ], [ -78.230949697771408, 39.671503808623896 ], [ -77.925246271160802, 39.592462514997855 ], [ -77.798491191834458, 39.448328391326882 ], [ -77.723929380466004, 39.322792219097273 ], [ -77.835772097518671, 39.136812704683095 ], [ -77.880509184339729, 39.160060143984893 ], [ -78.342792414824061, 39.40648300058367 ], [ -78.342792414824061, 39.40648300058367 ], [ -78.342792414824061, 39.40648300058367 ], [ -78.365160958234597, 39.350689146259448 ], [ -78.424810407329346, 39.141462192543486 ], [ -78.514284580971477, 39.067070386777807 ], [ -78.551565486655704, 39.039173459615611 ], [ -78.63358347916099, 38.988029093151752 ], [ -78.745426196213643, 38.908987799525697 ], [ -78.894549818950537, 38.778802139435783 ], [ -78.961655449182132, 38.820647530179009 ], [ -78.961655449182132, 38.820647530179009 ], [ -78.961655449182132, 38.820647530179009 ], [ -79.00639253600319, 38.769503163715022 ], [ -79.073498166234785, 38.681162894368342 ], [ -79.177884702150607, 38.55562672213874 ], [ -79.222621788971665, 38.46263696493164 ], [ -79.364289230571714, 38.425441062048804 ], [ -79.513412853308594, 38.495183379954156 ], [ -79.647624113771784, 38.574224673580161 ], [ -79.647624113771784, 38.574224673580161 ], [ -79.647624113771784, 38.574224673580161 ], [ -79.74455446855076, 38.355698744143481 ], [ -79.8191162799192, 38.281306938377831 ], [ -79.916046634698176, 38.179018205450049 ], [ -79.960783721519235, 38.030234593918642 ], [ -80.154644431077188, 37.900048933828785 ], [ -80.296311872677222, 37.728017882995616 ], [ -80.296311872677222, 37.728017882995616 ], [ -80.296311872677222, 37.728017882995616 ], [ -80.273943329266686, 37.611780686486703 ], [ -80.288855691540377, 37.569935295743527 ], [ -80.296311872677222, 37.518790929279625 ], [ -80.460347857687793, 37.439749635653648 ], [ -80.594559118150983, 37.458347587095005 ], [ -80.594559118150983, 37.458347587095005 ], [ -80.594559118150983, 37.458347587095005 ], [ -80.602015299287828, 37.453698099234643 ], [ -80.721314197477341, 37.383955781329334 ], [ -80.833156914529994, 37.416502196351793 ], [ -80.840613095666839, 37.383955781329334 ], [ -80.85552545794053, 37.328161927005105 ], [ -80.915174907035279, 37.314213463423975 ], [ -81.22833451478273, 37.244471145518681 ], [ -81.347633412972243, 37.314213463423997 ], [ -81.347633412972243, 37.314213463423997 ], [ -81.347633412972243, 37.314213463423997 ], [ -81.437107586614374, 37.281667048401523 ], [ -81.660793020719694, 37.193326779054779 ], [ -81.81737282459342, 37.277017560541118 ], [ -81.839741368003956, 37.295615511982618 ], [ -81.929215541646073, 37.365357829887898 ], [ -81.973952628467146, 37.537388880721053 ] ] ] } },
{ "type": "Feature", "properties": { "State": "Delaware", "Species_Count": 14, "Pop_2024": 1044321.0, "GDP_2024_Millions": 103253.0, "Risk_Overall": 16.071428571428573, "Risk_Wildfire": "Very Low", "Risk_Drought": "Relatively Low", "Risk_Flooding": "Relatively Low", "Area_sqkm": 5621.4626429774307, "Forest_Pct": 35.189683026743865, "Urban_Pct": 4.0251706289352613, "Crop_Pct": 22.773340336637656, "Wetland_Pct": 4.6171953353570006, "Protected_Pct": 49.597598732279572, "Species_Density": 0.0024904550450921153, "Population_Density": 185.77389308183166, "GDP_Per_Capita": 98870.941022923027, "Human_Pressure": 0.24086483042469659, "Conservation_Effectiveness": 14209.49363092876, "Ecological_Vulnerability": -0.029207822907711511, "Biodiversity_Risk": 5.4972921133808113 }, "geometry": { "type": "Polygon", "coordinates": [ [ [ -75.047160352338977, 38.448688501350567 ], [ -75.718216654654938, 38.448688501350567 ], [ -75.785322284886547, 39.722648175087784 ], [ -75.710760473518079, 39.801689468713825 ], [ -75.621286299875976, 39.848184347317407 ], [ -75.405057046907487, 39.797039980853484 ], [ -75.554180669644367, 39.690101760065303 ], [ -75.524355945097, 39.499472757790734 ], [ -75.323039054402201, 38.960132165989535 ], [ -75.069528895749514, 38.783451627296131 ], [ -75.047160352338977, 38.448688501350567 ] ] ] } },
{ "type": "Feature", "properties": { "State": "District of Columbia", "Species_Count": 3, "Pop_2024": null, "GDP_2024_Millions": 186165.0, "Risk_Overall": 10.714285714285714, "Risk_Wildfire": "Very Low", "Risk_Drought": "No Expected Annual Losses", "Risk_Flooding": "Relatively Low", "Area_sqkm": 172.4511862342697, "Forest_Pct": 37.732125343596891, "Urban_Pct": 45.372126176819911, "Crop_Pct": 0.017559658509401801, "Wetland_Pct": 0.16201367277645221, "Protected_Pct": 44.00815341566026, "Species_Density": 0.017396227103503893, "Population_Density": null, "GDP_Per_Capita": null, "Human_Pressure": null, "Conservation_Effectiveness": 2392.2379935871804, "Ecological_Vulnerability": 0.065777145356811922, "Biodiversity_Risk": null }, "geometry": { "type": "Polygon", "coordinates": [ [ [ -77.037960715876366, 38.788101115156486 ], [ -77.037960715876366, 38.788101115156486 ], [ -77.037960715876352, 38.848544457341113 ], [ -77.119978708381637, 38.932235238827467 ], [ -77.037960715876352, 38.983379605291404 ], [ -76.911205636549994, 38.876441384503231 ], [ -77.037960715876366, 38.788101115156486 ] ] ] } },
{ "type": "Feature", "properties": { "State": "Maryland", "Species_Count": 26, "Pop_2024": 6196525.0, "GDP_2024_Millions": 542766.0, "Risk_Overall": 33.928571428571431, "Risk_Wildfire": "Very Low", "Risk_Drought": "Relatively Moderate", "Risk_Flooding": "Relatively Low", "Area_sqkm": 28454.858436228067, "Forest_Pct": 47.342512220996205, "Urban_Pct": 3.5731212894816253, "Crop_Pct": 12.648606037509596, "Wetland_Pct": 2.4885771408648849, "Protected_Pct": 39.390342723949388, "Species_Density": 0.00091372796874987798, "Population_Density": 217.76685390607068, "GDP_Per_Capita": 87591.997127422219, "Human_Pressure": 0.26983665921724964, "Conservation_Effectiveness": 20583.041773528919, "Ecological_Vulnerability": 0.0044061129197419946, "Biodiversity_Risk": 10.378648360999046 }, "geometry": { "type": "Polygon", "coordinates": [ [ [ -75.375232322360119, 38.016286130337569 ], [ -75.375232322360119, 38.016286130337569 ], [ -75.606373937602299, 38.00233766675656 ], [ -75.725672835791784, 37.937244836711571 ], [ -75.725672835791784, 37.937244836711571 ], [ -76.232693153097188, 38.31850284126066 ], [ -76.351992051286686, 39.150761168264133 ], [ -76.545852760844639, 38.718358797251149 ], [ -76.329623507876164, 38.081378960382537 ], [ -76.993223629055279, 38.239461547634626 ], [ -77.000679810192125, 38.267358474796701 ], [ -77.045416897013197, 38.378946183445272 ], [ -77.209452882023768, 38.33710079270206 ], [ -77.343664142486958, 38.39289464702636 ], [ -77.231821425434291, 38.616070064323374 ], [ -77.097610164971101, 38.685812382228654 ], [ -77.060329259286888, 38.709059821530438 ], [ -77.037960715876366, 38.788101115156486 ], [ -76.911205636549994, 38.876441384503231 ], [ -77.037960715876352, 38.983379605291404 ], [ -77.119978708381637, 38.932235238827467 ], [ -77.119978708381637, 38.932235238827467 ], [ -77.306383236802731, 39.043822947475959 ], [ -77.515156308634374, 39.10426628966065 ], [ -77.500243946360683, 39.127513728962384 ], [ -77.440594497265934, 39.211204510448795 ], [ -77.440594497265934, 39.211204510448795 ], [ -77.440594497265934, 39.211204510448795 ], [ -77.574805757729123, 39.290245804074807 ], [ -77.694104655918636, 39.318142731236925 ], [ -77.723929380466004, 39.322792219097273 ], [ -77.798491191834458, 39.448328391326882 ], [ -77.925246271160802, 39.592462514997855 ], [ -78.230949697771408, 39.671503808623896 ], [ -78.424810407329346, 39.597112002858204 ], [ -78.536653124382013, 39.522720197092497 ], [ -78.827444188718928, 39.564565587835723 ], [ -78.961655449182132, 39.45762736704755 ], [ -79.162972339876916, 39.420431464164729 ], [ -79.334464506024332, 39.304194267655873 ], [ -79.483588128761212, 39.211204510448809 ], [ -79.476131947624367, 39.722648175087784 ], [ -78.551565486655704, 39.717998687227457 ], [ -78.230949697771408, 39.722648175087784 ], [ -77.52261248977122, 39.727297662948175 ], [ -76.665151659034152, 39.722648175087784 ], [ -75.785322284886547, 39.722648175087784 ], [ -75.718216654654938, 38.448688501350567 ], [ -75.047160352338977, 38.448688501350567 ], [ -75.054616533475823, 38.402193622747049 ], [ -75.375232322360119, 38.016286130337569 ], [ -75.375232322360119, 38.016286130337569 ] ] ] } },
{ "type": "Feature", "properties": { "State": "New Jersey", "Species_Count": 17, "Pop_2024": 9320865.0, "GDP_2024_Millions": 846587.0, "Risk_Overall": 78.571428571428569, "Risk_Wildfire": "Relatively Low", "Risk_Drought": "Relatively Low", "Risk_Flooding": "Relatively High", "Area_sqkm": 19764.571150827502, "Forest_Pct": 56.921055745328175, "Urban_Pct": 7.8389114404793059, "Crop_Pct": 4.8099078923777148, "Wetland_Pct": 3.5130302041158483, "Protected_Pct": 58.118339993011027, "Species_Density": 0.00086012491089584029, "Population_Density": 471.59459868218568, "GDP_Per_Capita": 90827.085254426493, "Human_Pressure": 0.58625446046333263, "Conservation_Effectiveness": 31244.321095093073, "Ecological_Vulnerability": 0.16703928137116766, "Biodiversity_Risk": 26.578112027740641 }, "geometry": { "type": "Polygon", "coordinates": [ [ [ -75.524355945097, 39.499472757790734 ], [ -75.554180669644367, 39.690101760065303 ], [ -75.405057046907487, 39.797039980853484 ], [ -75.203740156212717, 39.885380250200193 ], [ -75.129178344844263, 39.950473080245203 ], [ -74.890580548465252, 40.08065874033511 ], [ -74.763825469138894, 40.192246448983624 ], [ -75.076985076886345, 40.447968281303154 ], [ -75.091897439160036, 40.55490650209137 ], [ -75.203740156212717, 40.587452917113758 ], [ -75.196283975075872, 40.745535504365833 ], [ -75.08444125802319, 40.871071676595434 ], [ -75.136634525981108, 41.001257336685306 ], [ -74.972598540970552, 41.089597606032086 ], [ -74.801106374823135, 41.312773023329122 ], [ -74.681807476633608, 41.35461841407232 ], [ -73.913820819538671, 40.959411945942151 ], [ -73.951101725222898, 40.75018499222621 ], [ -74.256805151833504, 40.471215720604903 ], [ -73.966014087496589, 40.42937032986174 ], [ -74.174787159328218, 39.708699711506718 ], [ -74.905492910738943, 38.941534214548177 ], [ -74.980054722107383, 39.197256046867722 ], [ -75.203740156212717, 39.248400413331638 ], [ -75.524355945097, 39.499472757790734 ] ] ] } },
{ "type": "Feature", "properties": { "State": "New York", "Species_Count": 27, "Pop_2024": 19469232.0, "GDP_2024_Millions": 2297028.0, "Risk_Overall": 89.285714285714292, "Risk_Wildfire": "Very Low", "Risk_Drought": "Relatively Low", "Risk_Flooding": "Relatively High", "Area_sqkm": 137788.43001528134, "Forest_Pct": 64.680677072471639, "Urban_Pct": 2.1250093582624388, "Crop_Pct": 7.6152018641901087, "Wetland_Pct": 0.38170046149812997, "Protected_Pct": 24.773034243936966, "Species_Density": 0.0001959525919339206, "Population_Density": 141.29801753195662, "GDP_Per_Capita": 117982.46587230559, "Human_Pressure": 0.17271507777118347, "Conservation_Effectiveness": 20714.060415954798, "Ecological_Vulnerability": 0.1694758540002296, "Biodiversity_Risk": 23.145633089885955 }, "geometry": { "type": "Polygon", "coordinates": [ [ [ -73.496274675875398, 42.056691080985935 ], [ -73.555924124970161, 41.289525584027409 ], [ -73.47390613246489, 41.205834802540942 ], [ -73.690135385433351, 41.108195557473529 ], [ -73.660310660885969, 40.987308873104283 ], [ -73.645398298612278, 40.954762458081838 ], [ -73.645398298612278, 40.954762458081838 ], [ -73.712503928843887, 40.931515018780033 ], [ -72.243636244885593, 41.11749453319424 ], [ -71.945388999411833, 40.931515018780011 ], [ -73.347151053138518, 40.629298307857006 ], [ -73.980926449770266, 40.629298307857006 ], [ -73.951101725222898, 40.75018499222621 ], [ -73.913820819538671, 40.959411945942151 ], [ -74.681807476633608, 41.35461841407232 ], [ -74.838387280507334, 41.424360731977636 ], [ -75.00987944665475, 41.494103049882959 ], [ -75.076985076886345, 41.642886661414302 ], [ -75.047160352338977, 41.749824882202532 ], [ -75.166459250528476, 41.842814639409561 ], [ -75.382688503496965, 42.000897226661607 ], [ -76.747169651539423, 42.000897226661621 ], [ -78.20112497322404, 42.000897226661621 ], [ -79.759466830824451, 42.000897226661621 ], [ -79.759466830824451, 42.49839242771958 ], [ -79.774379193098127, 42.544887306323155 ], [ -79.774379193098127, 42.544887306323155 ], [ -78.939286905771596, 42.865701968687603 ], [ -78.916918362361059, 42.963341213755129 ], [ -79.00639253600319, 43.270207412538475 ], [ -79.170428521013761, 43.465485902673414 ], [ -78.998936354866345, 43.52592924485802 ], [ -78.842356550992619, 43.581723099182256 ], [ -78.723057652803121, 43.623568489925461 ], [ -76.821731462907877, 43.628217977785823 ], [ -76.694976383581519, 43.786300565037926 ], [ -76.583133666528866, 43.925785200848573 ], [ -76.50111567402358, 44.018774958055623 ], [ -76.374360594697222, 44.097816251681685 ], [ -75.315582873265356, 44.818486870036672 ], [ -74.868212005054716, 44.999816896590453 ], [ -73.347151053138518, 45.009115872311213 ], [ -73.369519596549054, 44.80453840645562 ], [ -73.406800502233267, 44.674352746365606 ], [ -73.384431958822745, 44.381435011163276 ], [ -73.332238690864841, 44.228001911771578 ], [ -73.429169045643803, 44.018774958055623 ], [ -73.339694872001672, 43.758403637875759 ], [ -73.399344321096436, 43.614269514204757 ], [ -73.384431958822745, 43.577073611321929 ], [ -73.242764517222696, 43.567774635601225 ], [ -73.280045422906923, 42.744815284318413 ], [ -73.496274675875398, 42.056691080985935 ] ] ] } },
{ "type": "Feature", "properties": { "State": "Pennsylvania", "Species_Count": 20, "Pop_2024": 12951275.0, "GDP_2024_Millions": 1024206.0, "Risk_Overall": 87.5, "Risk_Wildfire": "Very Low", "Risk_Drought": "Relatively Moderate", "Risk_Flooding": "Relatively High", "Area_sqkm": 119169.24814269117, "Forest_Pct": 70.590101303789737, "Urban_Pct": 2.4745520834831876, "Crop_Pct": 8.4095252558314773, "Wetland_Pct": 0.052632972640796402, "Protected_Pct": 37.244428426152766, "Species_Density": 0.00016782853220700318, "Population_Density": 108.67967367296276, "GDP_Per_Capita": 79081.480394787388, "Human_Pressure": 0.14194953688343082, "Conservation_Effectiveness": 31892.035002576056, "Ecological_Vulnerability": 0.14565335233908039, "Biodiversity_Risk": 20.026566894106836 }, "geometry": { "type": "Polygon", "coordinates": [ [ [ -80.519997306782543, 40.643246771438065 ], [ -80.512541125645697, 42.326361376886503 ], [ -80.512541125645697, 42.326361376886503 ], [ -80.244118604719318, 42.368206767629637 ], [ -79.774379193098127, 42.544887306323155 ], [ -79.759466830824451, 42.49839242771958 ], [ -79.759466830824451, 42.000897226661621 ], [ -78.20112497322404, 42.000897226661621 ], [ -76.747169651539423, 42.000897226661621 ], [ -75.382688503496965, 42.000897226661607 ], [ -75.166459250528476, 41.842814639409561 ], [ -75.047160352338977, 41.749824882202532 ], [ -75.076985076886345, 41.642886661414302 ], [ -75.00987944665475, 41.494103049882959 ], [ -74.838387280507334, 41.424360731977636 ], [ -74.681807476633608, 41.35461841407232 ], [ -74.801106374823135, 41.312773023329122 ], [ -74.972598540970552, 41.089597606032086 ], [ -75.136634525981108, 41.001257336685306 ], [ -75.08444125802319, 40.871071676595434 ], [ -75.196283975075872, 40.745535504365833 ], [ -75.203740156212717, 40.587452917113758 ], [ -75.091897439160036, 40.55490650209137 ], [ -75.076985076886345, 40.447968281303154 ], [ -74.763825469138894, 40.192246448983624 ], [ -74.890580548465252, 40.08065874033511 ], [ -75.129178344844263, 39.950473080245203 ], [ -75.203740156212717, 39.885380250200193 ], [ -75.405057046907487, 39.797039980853484 ], [ -75.621286299875976, 39.848184347317407 ], [ -75.710760473518079, 39.801689468713825 ], [ -75.785322284886547, 39.722648175087784 ], [ -76.665151659034152, 39.722648175087784 ], [ -77.52261248977122, 39.727297662948175 ], [ -78.230949697771408, 39.722648175087784 ], [ -78.551565486655704, 39.717998687227457 ], [ -79.476131947624367, 39.722648175087784 ], [ -80.519997306782543, 39.722648175087784 ], [ -80.519997306782543, 40.643246771438065 ] ] ] } },
{ "type": "Feature", "properties": { "State": "Maine", "Species_Count": 12, "Pop_2024": 1402106.0, "GDP_2024_Millions": 98606.0, "Risk_Overall": 17.857142857142858, "Risk_Wildfire": "Very Low", "Risk_Drought": "Relatively Low", "Risk_Flooding": "Relatively Low", "Area_sqkm": 86884.242379165502, "Forest_Pct": 79.754742859502215, "Urban_Pct": 0.34151488666408392, "Crop_Pct": 1.3472317076652909, "Wetland_Pct": 0.42220254075784719, "Protected_Pct": 40.307636109629549, "Species_Density": 0.00013811480276977765, "Population_Density": 16.137632804360155, "GDP_Per_Capita": 70327.065143434229, "Human_Pressure": 0.020218800114537888, "Conservation_Effectiveness": 35416.142564471273, "Ecological_Vulnerability": -0.16681111248994293, "Biodiversity_Risk": 0.0 }, "geometry": { "type": "Polygon", "coordinates": [ [ [ -70.648013481600955, 43.088877385984652 ], [ -70.752400017516777, 43.07957841026392 ], [ -70.797137104337835, 43.219063046074595 ], [ -70.983541632758943, 43.367846657605902 ], [ -70.946260727074716, 43.465485902673414 ], [ -71.087928168674765, 45.306683095373941 ], [ -70.66292584387466, 45.460116194765554 ], [ -70.305029149306122, 45.91576600508035 ], [ -69.999325722695517, 46.69223047775958 ], [ -69.238795246737439, 47.450096998997417 ], [ -68.903267095579437, 47.185076190957204 ], [ -68.232210793263476, 47.35245775392999 ], [ -67.792296106189667, 47.064189506587979 ], [ -67.792296106189667, 45.701889563504054 ], [ -67.136152166147397, 45.139301532401106 ], [ -66.96466, 44.809187894315876 ], [ -68.030893902568678, 44.325641156839083 ], [ -69.059846899453163, 43.981579055172794 ], [ -70.118624620885029, 43.684011832110095 ], [ -70.648013481600955, 43.088877385984652 ] ] ] } },
{ "type": "Feature", "properties": { "State": "Michigan", "Species_Count": 26, "Pop_2024": 10041241.0, "GDP_2024_Millions": 706616.0, "Risk_Overall": 69.642857142857139, "Risk_Wildfire": "Very Low", "Risk_Drought": "Very Low", "Risk_Flooding": "Relatively Moderate", "Area_sqkm": 249213.14331818925, "Forest_Pct": 38.007708114638831, "Urban_Pct": 1.3461696491032893, "Crop_Pct": 10.47766275084259, "Wetland_Pct": 0.26772292520568991, "Protected_Pct": 86.411432656858977, "Species_Density": 0.00010432836588720298, "Population_Density": 40.291779423445533, "GDP_Per_Capita": 70371.381386025896, "Human_Pressure": 0.056928994577139298, "Conservation_Effectiveness": 78247.951719900957, "Ecological_Vulnerability": 0.16858681317482199, "Biodiversity_Risk": 5.9876818420210727 }, "geometry": { "type": "Polygon", "coordinates": [ [ [ -89.95952262602718, 47.28736492388505 ], [ -89.840223727837667, 47.464045462578497 ], [ -89.728381010785014, 47.640726001272014 ], [ -89.616538293732347, 47.817406539965461 ], [ -89.519607938953371, 47.961540663636519 ], [ -89.489783214405989, 48.012685030100407 ], [ -89.489783214405989, 48.017334517960748 ], [ -89.273553961437514, 48.021984005821096 ], [ -89.184079787795383, 48.045231445122887 ], [ -88.378812225016219, 48.300953277442332 ], [ -87.491526669731783, 47.961540663636519 ], [ -87.2081917865317, 47.84995295498797 ], [ -86.92485690333163, 47.733715758479157 ], [ -86.671346744678928, 47.63607651341168 ], [ -86.492398397394666, 47.566334195506357 ], [ -86.425292767163072, 47.538437268344197 ], [ -86.231432057605119, 47.459395974718149 ], [ -86.037571348047194, 47.380354681092143 ], [ -85.843710638489227, 47.301313387466124 ], [ -85.649849928931289, 47.222272093840033 ], [ -85.455989219373336, 47.138581312353622 ], [ -85.262128509815398, 47.059540018727681 ], [ -85.068267800257445, 46.980498725101583 ], [ -84.874407090699492, 46.901457431475521 ], [ -84.829670003878434, 46.766622283525344 ], [ -84.77747673592053, 46.636436623435365 ], [ -84.546335120678364, 46.538797378367981 ], [ -84.546335120678364, 46.538797378367981 ], [ -84.605984569773113, 46.441158133300483 ], [ -84.337562048846721, 46.408611718277996 ], [ -84.143701339288782, 46.510900451205757 ], [ -84.128788977015091, 46.483003524043596 ], [ -84.1138766147414, 46.371415815395174 ], [ -84.091508071330864, 46.273776570327691 ], [ -83.89019118063608, 46.115693983075651 ], [ -83.763436101309736, 46.111044495215282 ], [ -83.66650574653076, 46.124992958796305 ], [ -83.614312478572842, 46.115693983075651 ], [ -83.472645036972807, 45.994807298706448 ], [ -83.59194393516232, 45.81812676001293 ], [ -83.398083225604367, 45.729786490666214 ], [ -83.181853972635892, 45.632147245598745 ], [ -82.920887632846345, 45.515910049089889 ], [ -82.756851647835774, 45.446167731184524 ], [ -82.548078576004144, 45.348528486117075 ], [ -82.518253851456763, 45.204394362446095 ], [ -82.488429126909381, 45.083507678076835 ], [ -82.443692040088322, 44.916126115104063 ], [ -82.406411134404095, 44.744095064270944 ], [ -82.369130228719882, 44.572064013437846 ], [ -82.32439314189881, 44.390733986884015 ], [ -82.279656055077751, 44.190806008888735 ], [ -82.242375149393524, 44.01412547019526 ], [ -82.197638062572466, 43.823496467920705 ], [ -82.137988613477717, 43.572424123461552 ], [ -82.19018188143562, 43.474784878394154 ], [ -82.413867315540941, 43.019135068079386 ], [ -82.428779677814632, 42.981939165196479 ], [ -82.898519089435823, 42.428650109814271 ], [ -83.122204523541129, 42.079938520287691 ], [ -83.129660704677988, 42.070639544566944 ], [ -83.144573066951665, 41.977649787359908 ], [ -83.465188855835976, 41.694031027878204 ], [ -83.837997912678162, 41.684732052157528 ], [ -84.292824962025662, 41.68473205215755 ], [ -84.807301460467897, 41.67543307643686 ], [ -84.807301460467897, 41.754474370062823 ], [ -85.746780283710251, 41.749824882202532 ], [ -86.827926548552654, 41.754474370062823 ], [ -86.827926548552654, 41.759123857923157 ], [ -86.917400722194785, 41.759123857923157 ], [ -87.22310414880539, 41.759123857923157 ], [ -87.178367061984318, 41.945103372337343 ], [ -87.133629975163274, 42.126433398891201 ], [ -87.081436707205356, 42.307763425445039 ], [ -87.036699620384283, 42.493742939859303 ], [ -87.081436707205356, 42.782011187201249 ], [ -87.111261431752723, 43.028434043800047 ], [ -87.155998518573796, 43.326001266862747 ], [ -87.14854233743695, 43.572424123461552 ], [ -87.141086156300105, 43.656114904947913 ], [ -87.081436707205356, 43.888589297965702 ], [ -87.029243439247438, 44.093166763821294 ], [ -86.917400722194785, 44.362837059721826 ], [ -86.820470367415808, 44.590661964879239 ], [ -86.716083831499986, 44.846383797198747 ], [ -86.537135484215739, 45.041662287333665 ], [ -86.402924223752535, 45.1346520445408 ], [ -86.2612567821525, 45.227641801747886 ], [ -86.484942216257821, 45.325281046815341 ], [ -86.77573328059475, 45.450817219044843 ], [ -86.939769265605307, 45.450817219044843 ], [ -87.118717612889569, 45.450817219044822 ], [ -87.245472692215927, 45.288085143932513 ], [ -87.416964858363329, 45.185796411004709 ], [ -87.461701945184402, 45.069559214495868 ], [ -87.610825567921282, 45.111404605238967 ], [ -87.610825567921282, 45.106755117378697 ], [ -87.745036828384471, 45.227641801747886 ], [ -87.670475017016031, 45.385724388999911 ], [ -87.894160451121365, 45.395023364720657 ], [ -87.849423364300293, 45.557755439833102 ], [ -87.789773915205544, 45.641446221319455 ], [ -87.871791907710829, 45.780930857130087 ], [ -88.11038970408984, 45.841374199314636 ], [ -88.17003915318459, 46.008755762287443 ], [ -88.363899862742542, 46.022704225868544 ], [ -88.647234745942612, 46.022704225868544 ], [ -89.22136069347961, 46.20403425242241 ], [ -90.093733886490369, 46.380714791115849 ], [ -90.175751878995655, 46.562044817669708 ], [ -90.332331682869395, 46.594591232692139 ], [ -90.332331682869395, 46.594591232692139 ], [ -90.399437313100975, 46.575993281250724 ], [ -90.414349675374666, 46.585292256971456 ], [ -90.39198113196413, 46.61318918413356 ], [ -90.354700226279917, 46.67363252631818 ], [ -90.302506958321999, 46.761972795664953 ], [ -90.24285750922725, 46.85031306501169 ], [ -90.1832080601325, 46.934003846498101 ], [ -90.131014792174582, 47.022344115844795 ], [ -90.071365343079833, 47.11068438519159 ], [ -90.011715893985084, 47.19902465453827 ], [ -89.95952262602718, 47.28736492388505 ] ] ] } },
{ "type": "Feature", "properties": { "State": "Alaska", "Species_Count": 8, "Pop_2024": 733536.0, "GDP_2024_Millions": 69969.0, "Risk_Overall": 28.571428571428569, "Risk_Wildfire": "Relatively Moderate", "Risk_Drought": "Very Low", "Risk_Flooding": "Very Low", "Area_sqkm": 1509421.3179328234, "Forest_Pct": 25.612447121721573, "Urban_Pct": 0.0142779950943144, "Crop_Pct": 0.0002213384640832, "Wetland_Pct": 5.4805308963902952, "Protected_Pct": 100.0, "Species_Density": 5.3000443977802885e-06, "Population_Density": 0.48597167092127019, "GDP_Per_Capita": 95385.911529904464, "Human_Pressure": 0.0, "Conservation_Effectiveness": 99472.789797701116, "Ecological_Vulnerability": 0.037491206905832519, "Biodiversity_Risk": 0.0 }, "geometry": { "type": "MultiPolygon", "coordinates": [ [ [ [ -153.225219572149371, 57.967238539119975 ], [ -152.561619450970227, 57.902145709075029 ], [ -152.144073307306968, 57.590630022431256 ], [ -153.008990319180867, 57.116382260675046 ], [ -154.008118591517984, 56.73512425612595 ], [ -154.51513890882336, 56.990846088445423 ], [ -154.6717187126971, 57.460444362341349 ], [ -153.762064614002128, 57.818454927588668 ], [ -153.225219572149371, 57.967238539119975 ] ] ], [ [ [ -166.467397271184467, 60.384972226504502 ], [ -165.677042070678993, 60.291982469297373 ], [ -165.580111715900017, 59.910724464748284 ], [ -166.191518569121257, 59.752641877496188 ], [ -166.847662509163541, 59.943270879770743 ], [ -167.451613181247865, 60.212941175671318 ], [ -166.467397271184467, 60.384972226504502 ] ] ], [ [ [ -171.731461153796403, 63.783747852423829 ], [ -171.11259811943836, 63.593118850149281 ], [ -170.493735085080289, 63.695407583077071 ], [ -169.681011341164293, 63.430386775036865 ], [ -168.689339249964007, 63.295551627086581 ], [ -168.771357242469293, 63.18861340629838 ], [ -169.531887718427413, 62.974736964722069 ], [ -170.292418194385505, 63.193262894158728 ], [ -170.672683432364551, 63.374592920712558 ], [ -171.552512806512169, 63.318799066388308 ], [ -171.791110602891138, 63.407139335735025 ], [ -171.731461153796403, 63.783747852423829 ] ] ], [ [ [ -140.989626326588194, 69.711844874376126 ], [ -140.989626326588194, 69.711844874376126 ], [ -140.989626326588194, 66.001553561813012 ], [ -140.997082507725025, 60.305930932878432 ], [ -140.012866597661628, 60.278034005716314 ], [ -139.036106868735033, 59.999064734095057 ], [ -138.342682023008535, 59.562012875221669 ], [ -137.455396467724086, 58.906435086911657 ], [ -136.478636738797519, 59.464373630154235 ], [ -135.479508466460402, 59.789837780379081 ], [ -134.942663424607616, 59.269095140019317 ], [ -134.27160712229167, 58.859940208308082 ], [ -133.354496842459838, 58.408939885853648 ], [ -132.728177626964936, 57.692918755359003 ], [ -131.706680811217296, 56.553794229572105 ], [ -130.006671512016823, 55.916814392703515 ], [ -129.976846787469469, 55.284484043695258 ], [ -130.536060372732777, 54.800937306218358 ], [ -131.087817776859225, 55.177545822907113 ], [ -131.967647151006844, 55.498360485271569 ], [ -132.250982034206913, 56.367814715157913 ], [ -133.540901370880931, 57.176825602859687 ], [ -134.077746412733717, 58.125321126372029 ], [ -135.039593779386593, 58.185764468556634 ], [ -136.627760361534399, 58.213661395718773 ], [ -137.798380800018919, 58.501929643060826 ], [ -139.871199156061579, 59.538765435919892 ], [ -140.825590341577595, 59.729394438194454 ], [ -142.577792908735972, 60.082755515581354 ], [ -143.957186419052135, 59.999064734095057 ], [ -145.925618239178988, 60.459364032270095 ], [ -147.111151039937198, 60.882467427562439 ], [ -148.222122029326954, 60.673240473846434 ], [ -148.02080513863217, 59.980466782653522 ], [ -148.572562542758646, 59.915373952608604 ], [ -149.728270618969447, 59.706146998892677 ], [ -150.608099993117065, 59.366734385086758 ], [ -151.71907098250685, 59.15750743137081 ], [ -151.860738424106898, 59.743342901775499 ], [ -151.413367555896201, 60.724384840310393 ], [ -150.347133653327546, 61.035900526954087 ], [ -150.623012355390756, 61.282323383552956 ], [ -151.898019329791111, 60.729034328170698 ], [ -152.576531813243946, 60.059508076279606 ], [ -154.015574772654844, 59.348136433645344 ], [ -153.284869021244106, 58.86458969616848 ], [ -154.231804025623319, 58.148568565673784 ], [ -155.305494109328833, 57.730114658241888 ], [ -156.304622381665951, 57.423248459458463 ], [ -156.558132540318667, 56.981547112724741 ], [ -158.116474397919063, 56.465453960225361 ], [ -158.429634005666514, 55.995855686329548 ], [ -159.600254444151062, 55.56810280317687 ], [ -160.2862231087407, 55.642494608942592 ], [ -161.225701931983053, 55.363525337321349 ], [ -162.239742566593861, 55.024112723515401 ], [ -163.067378672783548, 54.689349597569802 ], [ -164.782300334257712, 54.405730838088225 ], [ -164.938880138131452, 54.573112401060975 ], [ -163.85027769215219, 55.03806118709646 ], [ -162.873517963225623, 55.349576873740219 ], [ -161.807284060656912, 55.893566953401724 ], [ -160.562101810803966, 56.009804149910586 ], [ -160.069993855772253, 56.418959081621828 ], [ -158.683144164319231, 57.018743015607626 ], [ -158.459458730213925, 57.218670993602821 ], [ -157.721296797666355, 57.572032070989763 ], [ -157.549804631518924, 58.329898592227643 ], [ -157.042784314213549, 58.92038355049273 ], [ -158.191036209287518, 58.613517351709291 ], [ -158.519108179308631, 58.785548402542389 ], [ -159.055953221161445, 58.422888349434722 ], [ -159.712097161203729, 58.929682526213412 ], [ -159.980519682130108, 58.5716719609661 ], [ -160.353328738972294, 59.069167162024009 ], [ -161.35245701130944, 58.669311206033498 ], [ -161.971320045667483, 58.673960693893868 ], [ -162.053338038172768, 59.269095140019289 ], [ -161.874389690888506, 59.63175519312697 ], [ -162.5156212686571, 59.989765758374304 ], [ -163.820452967604837, 59.799136756099756 ], [ -164.663001436068214, 60.268735029995568 ], [ -165.348970100657823, 60.505858910873719 ], [ -165.348970100657823, 61.073096429836937 ], [ -166.124412938889662, 61.500849312989608 ], [ -165.736691519773757, 62.072736319813231 ], [ -164.916511594720873, 62.635324350916186 ], [ -164.566071081289238, 63.146768015555189 ], [ -163.753347337373214, 63.221159821320832 ], [ -163.067378672783576, 63.058427746208416 ], [ -162.262111110004412, 63.541974483685294 ], [ -161.531405358593673, 63.453634214338585 ], [ -160.770874882635582, 63.765149900982387 ], [ -160.957279411056675, 64.220799711297175 ], [ -161.516492996320039, 64.402129737851027 ], [ -160.778331063772413, 64.788037230260443 ], [ -161.389737916993653, 64.778738254539732 ], [ -162.455971819562365, 64.560212325103052 ], [ -162.754219065036125, 64.337036907805981 ], [ -163.54457426554157, 64.560212325103052 ], [ -164.961248681541974, 64.448624616454524 ], [ -166.422660184363423, 64.685748497332611 ], [ -166.847662509163541, 65.090253941183505 ], [ -168.107757121290177, 65.671439923727803 ], [ -166.705995067563521, 66.089893831159728 ], [ -164.476596907647121, 66.578090056497018 ], [ -163.648960801457406, 66.578090056497018 ], [ -163.790628243057455, 66.075945367578683 ], [ -161.680528981330525, 66.117790758321959 ], [ -162.493252725246577, 66.736172643749072 ], [ -163.716066431689001, 67.11743064829821 ], [ -164.431859820826048, 67.614925849356169 ], [ -165.393707187478896, 68.042678732508719 ], [ -166.765644516658256, 68.358843907012925 ], [ -166.206430931394948, 68.88423603523303 ], [ -164.431859820826048, 68.916782450255454 ], [ -163.171765208699355, 69.372432260570264 ], [ -162.933167412320358, 69.855978998047206 ], [ -161.911670596572748, 70.334876247663644 ], [ -160.934910867646153, 70.446463956312243 ], [ -159.041040858887754, 70.892814790906272 ], [ -158.116474397919063, 70.82307247300092 ], [ -156.580501083729217, 71.357763576941835 ], [ -155.066896312949865, 71.148536623225752 ], [ -154.343646742675986, 70.697536300771333 ], [ -153.903732055602148, 70.888165303045909 ], [ -152.211178937538563, 70.827721960861325 ], [ -152.270828386633326, 70.599897055703963 ], [ -150.742311253580283, 70.427866004870765 ], [ -149.720814437832644, 70.530154737798668 ], [ -147.610715176105742, 70.213989563294405 ], [ -145.687020442799934, 70.120999806087426 ], [ -144.919033785705039, 69.990814145997419 ], [ -143.591833543346752, 70.153546221109849 ], [ -142.070772591430597, 69.851329510186773 ], [ -140.989626326588194, 69.711844874376126 ] ] ] ] } }
]
}
